Workbook

Sheet 3-Spieler
B1: GC Iffeldorf
A2: Spieler | B2: Ludwig | K2: Andreas | T2: Peter | AC2: =B2 -> Ludwig | AH2: =K2 -> Andreas | AM2: =T2 -> Peter
A3: HCP | F3: 17.4 | O3: 21.3 | X3: 26.3
A4: Spielvorgabe | F4: 19 | O4: 24 | X4: 26
A5: Vorgabeklasse | F5: =IF(F3<4.4,1,IF(AND(F3>=4.5,F3<=11.4),2,IF(AND(F3>=11.5,F3<=18.4),3,IF(AND(F3>=18.5,F3<=26.4),4,IF(AND(F3>=26.5,F3<=36),5,IF(F3>=36,6)))))) -> 3 | O5: =IF(O3<4.4,1,IF(AND(O3>=4.5,O3<=11.4),2,IF(AND(O3>=11.5,O3<=18.4),3,IF(AND(O3>=18.5,O3<=26.4),4,IF(AND(O3>=26.5,O3<=36),5,IF(O3>=36,6)))))) -> 4 | X5: =IF(X3<4.4,1,IF(AND(X3>=4.5,X3<=11.4),2,IF(AND(X3>=11.5,X3<=18.4),3,IF(AND(X3>=18.5,X3<=26.4),4,IF(AND(X3>=26.5,X3<=36),5,IF(X3>=36,6)))))) -> 4
A6: Pufferzone | F6: =VLOOKUP(F5,HCP!$A$6:$C$11,3,FALSE) -> 33 | O6: =VLOOKUP(O5,HCP!$A$6:$C$11,3,FALSE) -> 32 | X6: =VLOOKUP(X5,HCP!$A$6:$C$11,3,FALSE) -> 32
F7: =IF(I31>36,"Herabsetzung",IF(AND(I31<=36,I31>=F6),"Puffer","Heraufsetzung")) -> Heraufsetzung | O7: =IF(R31>36,"Herabsetzung",IF(AND(R31<=36,R31>=O6),"Puffer","Heraufsetzung")) -> Heraufsetzung | X7: =IF(AA31>36,"Herabsetzung",IF(AND(AA31<=36,AA31>=X6),"Puffer","Heraufsetzung")) -> Heraufsetzung
A8: Neues HCP | F8: =IF(F7="Heraufsetzung",INDEX(HCP!$C$395:$D$755,MATCH(F3,HCP!$C$394:$C$755,0),MATCH($A$8,HCP!$D$394,0)),IF(F7="Puffer",F3,IF(F7="Herabsetzung",INDEX(HCP!$C$29:$AK$389,MATCH(F3,HCP!$C$29:$C$389,0),MATCH(I31,HCP!$C$28:$AK$28,0))))) -> 17.5 | O8: =IF(O7="Heraufsetzung",INDEX(HCP!$C$395:$D$755,MATCH(O3,HCP!$C$394:$C$755,0),MATCH($A$8,HCP!$D$394,0)),IF(O7="Puffer",O3,IF(O7="Herabsetzung",INDEX(HCP!$C$29:$AK$389,MATCH(O3,HCP!$C$29:$C$389,0),MATCH(R31,HCP!$C$28:$AK$28,0))))) -> 21.4 | X8: =IF(X7="Heraufsetzung",INDEX(HCP!$C$395:$D$755,MATCH(X3,HCP!$C$394:$C$755,0),MATCH($A$8,HCP!$D$394,0)),IF(X7="Puffer",X3,IF(X7="Herabsetzung",INDEX(HCP!$C$29:$AK$389,MATCH(X3,HCP!$C$29:$C$389,0),MATCH(AA31,HCP!$C$28:$AK$28,0))))) -> 26.4
C9: HCP | D9: PAR | F9: Spv | G9: Schläge | H9: Brutto | I9: Netto | L9: HCP | M9: PAR | O9: Spv | P9: Schläge | Q9: Brutto | R9: Netto | U9: HCP | V9: PAR | X9: Spv | Y9: Schläge | Z9: Brutto | AA9: Netto | AC9: Allein | AD9: Zwei | AE9: Zwei | AF9: Drei | AH9: Allein | AI9: Zwei | AJ9: Zwei | AK9: Drei | AM9: Allein | AN9: Zwei | AO9: Zwei | AP9: Drei
B10: Bahn 1 | C10: 3 | D10: 4 | F10: =INDEX(Basis!$C$2:$BJ$19,MATCH($C10,Basis!$B$2:$B$19,0),MATCH(F$4,Basis!$C$1:$BJ$1,0)) -> 1 | H10: =IF(G10="",0,IF(G10-D10=0,2,IF(G10-D10=-1,3,IF(G10-D10=-2,4,IF(G10-D10=-3,5,IF(G10-D10=-4,6,IF(G10-D10=1,1,IF(G10-D10>=2,0,)))))))) -> 0 | I10: =IF(G10="",0,IF(G10-F10-D10=0,2,IF(G10-F10-D10=-1,3,IF(G10-F10-D10=-2,4,IF(G10-F10-D10=-3,5,IF(G10-F10-D10=-4,6,IF(G10-F10-D10=1,1,IF(G10-F10-D10>=2,0,)))))))) -> 0 | K10: Bahn 1 | L10: =C10 -> 3 | M10: =D10 -> 4 | O10: =INDEX(Basis!$C$2:$BJ$19,MATCH($C10,Basis!$B$2:$B$19,0),MATCH(O$4,Basis!$C$1:$BJ$1,0)) -> 2 | Q10: =IF(P10="",0,IF(P10-M10=0,2,IF(P10-M10=-1,3,IF(P10-M10=-2,4,IF(P10-M10=-3,5,IF(P10-M10=-4,6,IF(P10-M10=1,1,IF(P10-M10>=2,0,)))))))) -> 0 | R10: =IF(P10="",0,IF(P10-O10-M10=0,2,IF(P10-O10-M10=-1,3,IF(P10-O10-M10=-2,4,IF(P10-O10-M10=-3,5,IF(P10-O10-M10=-4,6,IF(P10-O10-M10=1,1,IF(P10-O10-M10>=2,0,)))))))) -> 0 | T10: Bahn 1 | U10: =C10 -> 3 | V10: =D10 -> 4 | X10: =INDEX(Basis!$C$2:$BJ$19,MATCH($U10,Basis!$B$2:$B$19,0),MATCH(X$4,Basis!$C$1:$BJ$1,0)) -> 2 | Z10: =IF(Y10="",0,IF(Y10-V10=0,2,IF(Y10-V10=-1,3,IF(Y10-V10=-2,4,IF(Y10-V10=-3,5,IF(Y10-V10=-4,6,IF(Y10-V10=1,1,IF(Y10-V10>=2,0,)))))))) -> 0 | AA10: =IF(Y10="",0,IF(Y10-X10-V10=0,2,IF(Y10-X10-V10=-1,3,IF(Y10-X10-V10=-2,4,IF(Y10-X10-V10=-3,5,IF(Y10-X10-V10=-4,6,IF(Y10-X10-V10=1,1,IF(Y10-X10-V10>=2,0,)))))))) -> 0 | AC10: =IF(AND(G10<P10,G10<Y10),2,0) -> 0 | AD10: =IF(AND(G10<P10,G10=Y10),1,0) -> 0 | AE10: =IF(AND(G10=P10,G10<Y10),1,0) -> 0 | AF10: =IF(AND(G10=P10,G10=Y10),1,0) -> 1 | AH10: =IF(AND(P10<G10,P10<Y10),2,0) -> 0 | AI10: =IF(AND(P10=G10,P10<Y10),1,0) -> 0 | AJ10: =IF(AND(P10=Y10,P10<G10),1,0) -> 0 | AK10: =IF(AND(P10=G10,P10=Y10),1,0) -> 1 | AM10: =IF(AND(Y10<G10,Y10<P10),2,0) -> 0 | AN10: =IF(AND(Y10=G10,Y10<P10),1,0) -> 0 | AO10: =IF(AND(Y10=P10,Y10<G10),1,0) -> 0 | AP10: =IF(AND(Y10=G10,Y10=P10),1,0) -> 1
B11: Bahn 2 | C11: 9 | D11: 5 | F11: =INDEX(Basis!$C$2:$BJ$19,MATCH($C11,Basis!$B$2:$B$19,0),MATCH(F$4,Basis!$C$1:$BJ$1,0)) -> 1 | H11: =IF(G11="",0,IF(G11-D11=0,2,IF(G11-D11=-1,3,IF(G11-D11=-2,4,IF(G11-D11=-3,5,IF(G11-D11=-4,6,IF(G11-D11=1,1,IF(G11-D11>=2,0,)))))))) -> 0 | I11: =IF(G11="",0,IF(G11-F11-D11=0,2,IF(G11-F11-D11=-1,3,IF(G11-F11-D11=-2,4,IF(G11-F11-D11=-3,5,IF(G11-F11-D11=-4,6,IF(G11-F11-D11=1,1,IF(G11-F11-D11>=2,0,)))))))) -> 0 | K11: Bahn 2 | L11: =C11 -> 9 | M11: =D11 -> 5 | O11: =INDEX(Basis!$C$2:$BJ$19,MATCH($C11,Basis!$B$2:$B$19,0),MATCH(O$4,Basis!$C$1:$BJ$1,0)) -> 1 | Q11: =IF(P11="",0,IF(P11-M11=0,2,IF(P11-M11=-1,3,IF(P11-M11=-2,4,IF(P11-M11=-3,5,IF(P11-M11=-4,6,IF(P11-M11=1,1,IF(P11-M11>=2,0,)))))))) -> 0 | R11: =IF(P11="",0,IF(P11-O11-M11=0,2,IF(P11-O11-M11=-1,3,IF(P11-O11-M11=-2,4,IF(P11-O11-M11=-3,5,IF(P11-O11-M11=-4,6,IF(P11-O11-M11=1,1,IF(P11-O11-M11>=2,0,)))))))) -> 0 | T11: Bahn 2 | U11: =C11 -> 9 | V11: =D11 -> 5 | X11: =INDEX(Basis!$C$2:$BJ$19,MATCH($U11,Basis!$B$2:$B$19,0),MATCH(X$4,Basis!$C$1:$BJ$1,0)) -> 1 | Z11: =IF(Y11="",0,IF(Y11-V11=0,2,IF(Y11-V11=-1,3,IF(Y11-V11=-2,4,IF(Y11-V11=-3,5,IF(Y11-V11=-4,6,IF(Y11-V11=1,1,IF(Y11-V11>=2,0,)))))))) -> 0 | AA11: =IF(Y11="",0,IF(Y11-X11-V11=0,2,IF(Y11-X11-V11=-1,3,IF(Y11-X11-V11=-2,4,IF(Y11-X11-V11=-3,5,IF(Y11-X11-V11=-4,6,IF(Y11-X11-V11=1,1,IF(Y11-X11-V11>=2,0,)))))))) -> 0 | AC11: =IF(AND(G11<P11,G11<Y11),2,0) -> 0 | AD11: =IF(AND(G11<P11,G11=Y11),1,0) -> 0 | AE11: =IF(AND(G11=P11,G11<Y11),1,0) -> 0 | AF11: =IF(AND(G11=P11,G11=Y11),1,0) -> 1 | AH11: =IF(AND(P11<G11,P11<Y11),2,0) -> 0 | AI11: =IF(AND(P11=G11,P11<Y11),1,0) -> 0 | AJ11: =IF(AND(P11=Y11,P11<G11),1,0) -> 0 | AK11: =IF(AND(P11=G11,P11=Y11),1,0) -> 1 | AM11: =IF(AND(Y11<G11,Y11<P11),2,0) -> 0 | AN11: =IF(AND(Y11=G11,Y11<P11),1,0) -> 0 | AO11: =IF(AND(Y11=P11,Y11<G11),1,0) -> 0 | AP11: =IF(AND(Y11=G11,Y11=P11),1,0) -> 1
B12: Bahn 3 | C12: 7 | D12: 4 | F12: =INDEX(Basis!$C$2:$BJ$19,MATCH($C12,Basis!$B$2:$B$19,0),MATCH(F$4,Basis!$C$1:$BJ$1,0)) -> 1 | H12: =IF(G12="",0,IF(G12-D12=0,2,IF(G12-D12=-1,3,IF(G12-D12=-2,4,IF(G12-D12=-3,5,IF(G12-D12=-4,6,IF(G12-D12=1,1,IF(G12-D12>=2,0,)))))))) -> 0 | I12: =IF(G12="",0,IF(G12-F12-D12=0,2,IF(G12-F12-D12=-1,3,IF(G12-F12-D12=-2,4,IF(G12-F12-D12=-3,5,IF(G12-F12-D12=-4,6,IF(G12-F12-D12=1,1,IF(G12-F12-D12>=2,0,)))))))) -> 0 | K12: Bahn 3 | L12: =C12 -> 7 | M12: =D12 -> 4 | O12: =INDEX(Basis!$C$2:$BJ$19,MATCH($C12,Basis!$B$2:$B$19,0),MATCH(O$4,Basis!$C$1:$BJ$1,0)) -> 1 | Q12: =IF(P12="",0,IF(P12-M12=0,2,IF(P12-M12=-1,3,IF(P12-M12=-2,4,IF(P12-M12=-3,5,IF(P12-M12=-4,6,IF(P12-M12=1,1,IF(P12-M12>=2,0,)))))))) -> 0 | R12: =IF(P12="",0,IF(P12-O12-M12=0,2,IF(P12-O12-M12=-1,3,IF(P12-O12-M12=-2,4,IF(P12-O12-M12=-3,5,IF(P12-O12-M12=-4,6,IF(P12-O12-M12=1,1,IF(P12-O12-M12>=2,0,)))))))) -> 0 | T12: Bahn 3 | U12: =C12 -> 7 | V12: =D12 -> 4 | X12: =INDEX(Basis!$C$2:$BJ$19,MATCH($U12,Basis!$B$2:$B$19,0),MATCH(X$4,Basis!$C$1:$BJ$1,0)) -> 2 | Z12: =IF(Y12="",0,IF(Y12-V12=0,2,IF(Y12-V12=-1,3,IF(Y12-V12=-2,4,IF(Y12-V12=-3,5,IF(Y12-V12=-4,6,IF(Y12-V12=1,1,IF(Y12-V12>=2,0,)))))))) -> 0 | AA12: =IF(Y12="",0,IF(Y12-X12-V12=0,2,IF(Y12-X12-V12=-1,3,IF(Y12-X12-V12=-2,4,IF(Y12-X12-V12=-3,5,IF(Y12-X12-V12=-4,6,IF(Y12-X12-V12=1,1,IF(Y12-X12-V12>=2,0,)))))))) -> 0 | AC12: =IF(AND(G12<P12,G12<Y12),2,0) -> 0 | AD12: =IF(AND(G12<P12,G12=Y12),1,0) -> 0 | AE12: =IF(AND(G12=P12,G12<Y12),1,0) -> 0 | AF12: =IF(AND(G12=P12,G12=Y12),1,0) -> 1 | AH12: =IF(AND(P12<G12,P12<Y12),2,0) -> 0 | AI12: =IF(AND(P12=G12,P12<Y12),1,0) -> 0 | AJ12: =IF(AND(P12=Y12,P12<G12),1,0) -> 0 | AK12: =IF(AND(P12=G12,P12=Y12),1,0) -> 1 | AM12: =IF(AND(Y12<G12,Y12<P12),2,0) -> 0 | AN12: =IF(AND(Y12=G12,Y12<P12),1,0) -> 0 | AO12: =IF(AND(Y12=P12,Y12<G12),1,0) -> 0 | AP12: =IF(AND(Y12=G12,Y12=P12),1,0) -> 1
B13: Bahn 4 | C13: 1 | D13: 5 | F13: =INDEX(Basis!$C$2:$BJ$19,MATCH($C13,Basis!$B$2:$B$19,0),MATCH(F$4,Basis!$C$1:$BJ$1,0)) -> 2 | H13: =IF(G13="",0,IF(G13-D13=0,2,IF(G13-D13=-1,3,IF(G13-D13=-2,4,IF(G13-D13=-3,5,IF(G13-D13=-4,6,IF(G13-D13=1,1,IF(G13-D13>=2,0,)))))))) -> 0 | I13: =IF(G13="",0,IF(G13-F13-D13=0,2,IF(G13-F13-D13=-1,3,IF(G13-F13-D13=-2,4,IF(G13-F13-D13=-3,5,IF(G13-F13-D13=-4,6,IF(G13-F13-D13=1,1,IF(G13-F13-D13>=2,0,)))))))) -> 0 | K13: Bahn 4 | L13: =C13 -> 1 | M13: =D13 -> 5 | O13: =INDEX(Basis!$C$2:$BJ$19,MATCH($C13,Basis!$B$2:$B$19,0),MATCH(O$4,Basis!$C$1:$BJ$1,0)) -> 2 | Q13: =IF(P13="",0,IF(P13-M13=0,2,IF(P13-M13=-1,3,IF(P13-M13=-2,4,IF(P13-M13=-3,5,IF(P13-M13=-4,6,IF(P13-M13=1,1,IF(P13-M13>=2,0,)))))))) -> 0 | R13: =IF(P13="",0,IF(P13-O13-M13=0,2,IF(P13-O13-M13=-1,3,IF(P13-O13-M13=-2,4,IF(P13-O13-M13=-3,5,IF(P13-O13-M13=-4,6,IF(P13-O13-M13=1,1,IF(P13-O13-M13>=2,0,)))))))) -> 0 | T13: Bahn 4 | U13: =C13 -> 1 | V13: =D13 -> 5 | X13: =INDEX(Basis!$C$2:$BJ$19,MATCH($U13,Basis!$B$2:$B$19,0),MATCH(X$4,Basis!$C$1:$BJ$1,0)) -> 2 | Z13: =IF(Y13="",0,IF(Y13-V13=0,2,IF(Y13-V13=-1,3,IF(Y13-V13=-2,4,IF(Y13-V13=-3,5,IF(Y13-V13=-4,6,IF(Y13-V13=1,1,IF(Y13-V13>=2,0,)))))))) -> 0 | AA13: =IF(Y13="",0,IF(Y13-X13-V13=0,2,IF(Y13-X13-V13=-1,3,IF(Y13-X13-V13=-2,4,IF(Y13-X13-V13=-3,5,IF(Y13-X13-V13=-4,6,IF(Y13-X13-V13=1,1,IF(Y13-X13-V13>=2,0,)))))))) -> 0 | AC13: =IF(AND(G13<P13,G13<Y13),2,0) -> 0 | AD13: =IF(AND(G13<P13,G13=Y13),1,0) -> 0 | AE13: =IF(AND(G13=P13,G13<Y13),1,0) -> 0 | AF13: =IF(AND(G13=P13,G13=Y13),1,0) -> 1 | AH13: =IF(AND(P13<G13,P13<Y13),2,0) -> 0 | AI13: =IF(AND(P13=G13,P13<Y13),1,0) -> 0 | AJ13: =IF(AND(P13=Y13,P13<G13),1,0) -> 0 | AK13: =IF(AND(P13=G13,P13=Y13),1,0) -> 1 | AM13: =IF(AND(Y13<G13,Y13<P13),2,0) -> 0 | AN13: =IF(AND(Y13=G13,Y13<P13),1,0) -> 0 | AO13: =IF(AND(Y13=P13,Y13<G13),1,0) -> 0 | AP13: =IF(AND(Y13=G13,Y13=P13),1,0) -> 1
B14: Bahn 5 | C14: 17 | D14: 3 | F14: =INDEX(Basis!$C$2:$BJ$19,MATCH($C14,Basis!$B$2:$B$19,0),MATCH(F$4,Basis!$C$1:$BJ$1,0)) -> 1 | H14: =IF(G14="",0,IF(G14-D14=0,2,IF(G14-D14=-1,3,IF(G14-D14=-2,4,IF(G14-D14=-3,5,IF(G14-D14=-4,6,IF(G14-D14=1,1,IF(G14-D14>=2,0,)))))))) -> 0 | I14: =IF(G14="",0,IF(G14-F14-D14=0,2,IF(G14-F14-D14=-1,3,IF(G14-F14-D14=-2,4,IF(G14-F14-D14=-3,5,IF(G14-F14-D14=-4,6,IF(G14-F14-D14=1,1,IF(G14-F14-D14>=2,0,)))))))) -> 0 | K14: Bahn 5 | L14: =C14 -> 17 | M14: =D14 -> 3 | O14: =INDEX(Basis!$C$2:$BJ$19,MATCH($C14,Basis!$B$2:$B$19,0),MATCH(O$4,Basis!$C$1:$BJ$1,0)) -> 1 | Q14: =IF(P14="",0,IF(P14-M14=0,2,IF(P14-M14=-1,3,IF(P14-M14=-2,4,IF(P14-M14=-3,5,IF(P14-M14=-4,6,IF(P14-M14=1,1,IF(P14-M14>=2,0,)))))))) -> 0 | R14: =IF(P14="",0,IF(P14-O14-M14=0,2,IF(P14-O14-M14=-1,3,IF(P14-O14-M14=-2,4,IF(P14-O14-M14=-3,5,IF(P14-O14-M14=-4,6,IF(P14-O14-M14=1,1,IF(P14-O14-M14>=2,0,)))))))) -> 0 | T14: Bahn 5 | U14: =C14 -> 17 | V14: =D14 -> 3 | X14: =INDEX(Basis!$C$2:$BJ$19,MATCH($U14,Basis!$B$2:$B$19,0),MATCH(X$4,Basis!$C$1:$BJ$1,0)) -> 1 | Z14: =IF(Y14="",0,IF(Y14-V14=0,2,IF(Y14-V14=-1,3,IF(Y14-V14=-2,4,IF(Y14-V14=-3,5,IF(Y14-V14=-4,6,IF(Y14-V14=1,1,IF(Y14-V14>=2,0,)))))))) -> 0 | AA14: =IF(Y14="",0,IF(Y14-X14-V14=0,2,IF(Y14-X14-V14=-1,3,IF(Y14-X14-V14=-2,4,IF(Y14-X14-V14=-3,5,IF(Y14-X14-V14=-4,6,IF(Y14-X14-V14=1,1,IF(Y14-X14-V14>=2,0,)))))))) -> 0 | AC14: =IF(AND(G14<P14,G14<Y14),2,0) -> 0 | AD14: =IF(AND(G14<P14,G14=Y14),1,0) -> 0 | AE14: =IF(AND(G14=P14,G14<Y14),1,0) -> 0 | AF14: =IF(AND(G14=P14,G14=Y14),1,0) -> 1 | AH14: =IF(AND(P14<G14,P14<Y14),2,0) -> 0 | AI14: =IF(AND(P14=G14,P14<Y14),1,0) -> 0 | AJ14: =IF(AND(P14=Y14,P14<G14),1,0) -> 0 | AK14: =IF(AND(P14=G14,P14=Y14),1,0) -> 1 | AM14: =IF(AND(Y14<G14,Y14<P14),2,0) -> 0 | AN14: =IF(AND(Y14=G14,Y14<P14),1,0) -> 0 | AO14: =IF(AND(Y14=P14,Y14<G14),1,0) -> 0 | AP14: =IF(AND(Y14=G14,Y14=P14),1,0) -> 1
B15: Bahn 6 | C15: 5 | D15: 4 | F15: =INDEX(Basis!$C$2:$BJ$19,MATCH($C15,Basis!$B$2:$B$19,0),MATCH(F$4,Basis!$C$1:$BJ$1,0)) -> 1 | H15: =IF(G15="",0,IF(G15-D15=0,2,IF(G15-D15=-1,3,IF(G15-D15=-2,4,IF(G15-D15=-3,5,IF(G15-D15=-4,6,IF(G15-D15=1,1,IF(G15-D15>=2,0,)))))))) -> 0 | I15: =IF(G15="",0,IF(G15-F15-D15=0,2,IF(G15-F15-D15=-1,3,IF(G15-F15-D15=-2,4,IF(G15-F15-D15=-3,5,IF(G15-F15-D15=-4,6,IF(G15-F15-D15=1,1,IF(G15-F15-D15>=2,0,)))))))) -> 0 | K15: Bahn 6 | L15: =C15 -> 5 | M15: =D15 -> 4 | O15: =INDEX(Basis!$C$2:$BJ$19,MATCH($C15,Basis!$B$2:$B$19,0),MATCH(O$4,Basis!$C$1:$BJ$1,0)) -> 2 | Q15: =IF(P15="",0,IF(P15-M15=0,2,IF(P15-M15=-1,3,IF(P15-M15=-2,4,IF(P15-M15=-3,5,IF(P15-M15=-4,6,IF(P15-M15=1,1,IF(P15-M15>=2,0,)))))))) -> 0 | R15: =IF(P15="",0,IF(P15-O15-M15=0,2,IF(P15-O15-M15=-1,3,IF(P15-O15-M15=-2,4,IF(P15-O15-M15=-3,5,IF(P15-O15-M15=-4,6,IF(P15-O15-M15=1,1,IF(P15-O15-M15>=2,0,)))))))) -> 0 | T15: Bahn 6 | U15: =C15 -> 5 | V15: =D15 -> 4 | X15: =INDEX(Basis!$C$2:$BJ$19,MATCH($U15,Basis!$B$2:$B$19,0),MATCH(X$4,Basis!$C$1:$BJ$1,0)) -> 2 | Z15: =IF(Y15="",0,IF(Y15-V15=0,2,IF(Y15-V15=-1,3,IF(Y15-V15=-2,4,IF(Y15-V15=-3,5,IF(Y15-V15=-4,6,IF(Y15-V15=1,1,IF(Y15-V15>=2,0,)))))))) -> 0 | AA15: =IF(Y15="",0,IF(Y15-X15-V15=0,2,IF(Y15-X15-V15=-1,3,IF(Y15-X15-V15=-2,4,IF(Y15-X15-V15=-3,5,IF(Y15-X15-V15=-4,6,IF(Y15-X15-V15=1,1,IF(Y15-X15-V15>=2,0,)))))))) -> 0 | AC15: =IF(AND(G15<P15,G15<Y15),2,0) -> 0 | AD15: =IF(AND(G15<P15,G15=Y15),1,0) -> 0 | AE15: =IF(AND(G15=P15,G15<Y15),1,0) -> 0 | AF15: =IF(AND(G15=P15,G15=Y15),1,0) -> 1 | AH15: =IF(AND(P15<G15,P15<Y15),2,0) -> 0 | AI15: =IF(AND(P15=G15,P15<Y15),1,0) -> 0 | AJ15: =IF(AND(P15=Y15,P15<G15),1,0) -> 0 | AK15: =IF(AND(P15=G15,P15=Y15),1,0) -> 1 | AM15: =IF(AND(Y15<G15,Y15<P15),2,0) -> 0 | AN15: =IF(AND(Y15=G15,Y15<P15),1,0) -> 0 | AO15: =IF(AND(Y15=P15,Y15<G15),1,0) -> 0 | AP15: =IF(AND(Y15=G15,Y15=P15),1,0) -> 1
B16: Bahn 7 | C16: 13 | D16: 4 | F16: =INDEX(Basis!$C$2:$BJ$19,MATCH($C16,Basis!$B$2:$B$19,0),MATCH(F$4,Basis!$C$1:$BJ$1,0)) -> 1 | H16: =IF(G16="",0,IF(G16-D16=0,2,IF(G16-D16=-1,3,IF(G16-D16=-2,4,IF(G16-D16=-3,5,IF(G16-D16=-4,6,IF(G16-D16=1,1,IF(G16-D16>=2,0,)))))))) -> 0 | I16: =IF(G16="",0,IF(G16-F16-D16=0,2,IF(G16-F16-D16=-1,3,IF(G16-F16-D16=-2,4,IF(G16-F16-D16=-3,5,IF(G16-F16-D16=-4,6,IF(G16-F16-D16=1,1,IF(G16-F16-D16>=2,0,)))))))) -> 0 | K16: Bahn 7 | L16: =C16 -> 13 | M16: =D16 -> 4 | O16: =INDEX(Basis!$C$2:$BJ$19,MATCH($C16,Basis!$B$2:$B$19,0),MATCH(O$4,Basis!$C$1:$BJ$1,0)) -> 1 | Q16: =IF(P16="",0,IF(P16-M16=0,2,IF(P16-M16=-1,3,IF(P16-M16=-2,4,IF(P16-M16=-3,5,IF(P16-M16=-4,6,IF(P16-M16=1,1,IF(P16-M16>=2,0,)))))))) -> 0 | R16: =IF(P16="",0,IF(P16-O16-M16=0,2,IF(P16-O16-M16=-1,3,IF(P16-O16-M16=-2,4,IF(P16-O16-M16=-3,5,IF(P16-O16-M16=-4,6,IF(P16-O16-M16=1,1,IF(P16-O16-M16>=2,0,)))))))) -> 0 | T16: Bahn 7 | U16: =C16 -> 13 | V16: =D16 -> 4 | X16: =INDEX(Basis!$C$2:$BJ$19,MATCH($U16,Basis!$B$2:$B$19,0),MATCH(X$4,Basis!$C$1:$BJ$1,0)) -> 1 | Z16: =IF(Y16="",0,IF(Y16-V16=0,2,IF(Y16-V16=-1,3,IF(Y16-V16=-2,4,IF(Y16-V16=-3,5,IF(Y16-V16=-4,6,IF(Y16-V16=1,1,IF(Y16-V16>=2,0,)))))))) -> 0 | AA16: =IF(Y16="",0,IF(Y16-X16-V16=0,2,IF(Y16-X16-V16=-1,3,IF(Y16-X16-V16=-2,4,IF(Y16-X16-V16=-3,5,IF(Y16-X16-V16=-4,6,IF(Y16-X16-V16=1,1,IF(Y16-X16-V16>=2,0,)))))))) -> 0 | AC16: =IF(AND(G16<P16,G16<Y16),2,0) -> 0 | AD16: =IF(AND(G16<P16,G16=Y16),1,0) -> 0 | AE16: =IF(AND(G16=P16,G16<Y16),1,0) -> 0 | AF16: =IF(AND(G16=P16,G16=Y16),1,0) -> 1 | AH16: =IF(AND(P16<G16,P16<Y16),2,0) -> 0 | AI16: =IF(AND(P16=G16,P16<Y16),1,0) -> 0 | AJ16: =IF(AND(P16=Y16,P16<G16),1,0) -> 0 | AK16: =IF(AND(P16=G16,P16=Y16),1,0) -> 1 | AM16: =IF(AND(Y16<G16,Y16<P16),2,0) -> 0 | AN16: =IF(AND(Y16=G16,Y16<P16),1,0) -> 0 | AO16: =IF(AND(Y16=P16,Y16<G16),1,0) -> 0 | AP16: =IF(AND(Y16=G16,Y16=P16),1,0) -> 1
B17: Bahn 8 | C17: 15 | D17: 3 | F17: =INDEX(Basis!$C$2:$BJ$19,MATCH($C17,Basis!$B$2:$B$19,0),MATCH(F$4,Basis!$C$1:$BJ$1,0)) -> 1 | H17: =IF(G17="",0,IF(G17-D17=0,2,IF(G17-D17=-1,3,IF(G17-D17=-2,4,IF(G17-D17=-3,5,IF(G17-D17=-4,6,IF(G17-D17=1,1,IF(G17-D17>=2,0,)))))))) -> 0 | I17: =IF(G17="",0,IF(G17-F17-D17=0,2,IF(G17-F17-D17=-1,3,IF(G17-F17-D17=-2,4,IF(G17-F17-D17=-3,5,IF(G17-F17-D17=-4,6,IF(G17-F17-D17=1,1,IF(G17-F17-D17>=2,0,)))))))) -> 0 | K17: Bahn 8 | L17: =C17 -> 15 | M17: =D17 -> 3 | O17: =INDEX(Basis!$C$2:$BJ$19,MATCH($C17,Basis!$B$2:$B$19,0),MATCH(O$4,Basis!$C$1:$BJ$1,0)) -> 1 | Q17: =IF(P17="",0,IF(P17-M17=0,2,IF(P17-M17=-1,3,IF(P17-M17=-2,4,IF(P17-M17=-3,5,IF(P17-M17=-4,6,IF(P17-M17=1,1,IF(P17-M17>=2,0,)))))))) -> 0 | R17: =IF(P17="",0,IF(P17-O17-M17=0,2,IF(P17-O17-M17=-1,3,IF(P17-O17-M17=-2,4,IF(P17-O17-M17=-3,5,IF(P17-O17-M17=-4,6,IF(P17-O17-M17=1,1,IF(P17-O17-M17>=2,0,)))))))) -> 0 | T17: Bahn 8 | U17: =C17 -> 15 | V17: =D17 -> 3 | X17: =INDEX(Basis!$C$2:$BJ$19,MATCH($U17,Basis!$B$2:$B$19,0),MATCH(X$4,Basis!$C$1:$BJ$1,0)) -> 1 | Z17: =IF(Y17="",0,IF(Y17-V17=0,2,IF(Y17-V17=-1,3,IF(Y17-V17=-2,4,IF(Y17-V17=-3,5,IF(Y17-V17=-4,6,IF(Y17-V17=1,1,IF(Y17-V17>=2,0,)))))))) -> 0 | AA17: =IF(Y17="",0,IF(Y17-X17-V17=0,2,IF(Y17-X17-V17=-1,3,IF(Y17-X17-V17=-2,4,IF(Y17-X17-V17=-3,5,IF(Y17-X17-V17=-4,6,IF(Y17-X17-V17=1,1,IF(Y17-X17-V17>=2,0,)))))))) -> 0 | AC17: =IF(AND(G17<P17,G17<Y17),2,0) -> 0 | AD17: =IF(AND(G17<P17,G17=Y17),1,0) -> 0 | AE17: =IF(AND(G17=P17,G17<Y17),1,0) -> 0 | AF17: =IF(AND(G17=P17,G17=Y17),1,0) -> 1 | AH17: =IF(AND(P17<G17,P17<Y17),2,0) -> 0 | AI17: =IF(AND(P17=G17,P17<Y17),1,0) -> 0 | AJ17: =IF(AND(P17=Y17,P17<G17),1,0) -> 0 | AK17: =IF(AND(P17=G17,P17=Y17),1,0) -> 1 | AM17: =IF(AND(Y17<G17,Y17<P17),2,0) -> 0 | AN17: =IF(AND(Y17=G17,Y17<P17),1,0) -> 0 | AO17: =IF(AND(Y17=P17,Y17<G17),1,0) -> 0 | AP17: =IF(AND(Y17=G17,Y17=P17),1,0) -> 1
B18: Bahn 9 | C18: 11 | D18: 4 | F18: =INDEX(Basis!$C$2:$BJ$19,MATCH($C18,Basis!$B$2:$B$19,0),MATCH(F$4,Basis!$C$1:$BJ$1,0)) -> 1 | H18: =IF(G18="",0,IF(G18-D18=0,2,IF(G18-D18=-1,3,IF(G18-D18=-2,4,IF(G18-D18=-3,5,IF(G18-D18=-4,6,IF(G18-D18=1,1,IF(G18-D18>=2,0,)))))))) -> 0 | I18: =IF(G18="",0,IF(G18-F18-D18=0,2,IF(G18-F18-D18=-1,3,IF(G18-F18-D18=-2,4,IF(G18-F18-D18=-3,5,IF(G18-F18-D18=-4,6,IF(G18-F18-D18=1,1,IF(G18-F18-D18>=2,0,)))))))) -> 0 | K18: Bahn 9 | L18: =C18 -> 11 | M18: =D18 -> 4 | O18: =INDEX(Basis!$C$2:$BJ$19,MATCH($C18,Basis!$B$2:$B$19,0),MATCH(O$4,Basis!$C$1:$BJ$1,0)) -> 1 | Q18: =IF(P18="",0,IF(P18-M18=0,2,IF(P18-M18=-1,3,IF(P18-M18=-2,4,IF(P18-M18=-3,5,IF(P18-M18=-4,6,IF(P18-M18=1,1,IF(P18-M18>=2,0,)))))))) -> 0 | R18: =IF(P18="",0,IF(P18-O18-M18=0,2,IF(P18-O18-M18=-1,3,IF(P18-O18-M18=-2,4,IF(P18-O18-M18=-3,5,IF(P18-O18-M18=-4,6,IF(P18-O18-M18=1,1,IF(P18-O18-M18>=2,0,)))))))) -> 0 | T18: Bahn 9 | U18: =C18 -> 11 | V18: =D18 -> 4 | X18: =INDEX(Basis!$C$2:$BJ$19,MATCH($U18,Basis!$B$2:$B$19,0),MATCH(X$4,Basis!$C$1:$BJ$1,0)) -> 1 | Z18: =IF(Y18="",0,IF(Y18-V18=0,2,IF(Y18-V18=-1,3,IF(Y18-V18=-2,4,IF(Y18-V18=-3,5,IF(Y18-V18=-4,6,IF(Y18-V18=1,1,IF(Y18-V18>=2,0,)))))))) -> 0 | AA18: =IF(Y18="",0,IF(Y18-X18-V18=0,2,IF(Y18-X18-V18=-1,3,IF(Y18-X18-V18=-2,4,IF(Y18-X18-V18=-3,5,IF(Y18-X18-V18=-4,6,IF(Y18-X18-V18=1,1,IF(Y18-X18-V18>=2,0,)))))))) -> 0 | AC18: =IF(AND(G18<P18,G18<Y18),2,0) -> 0 | AD18: =IF(AND(G18<P18,G18=Y18),1,0) -> 0 | AE18: =IF(AND(G18=P18,G18<Y18),1,0) -> 0 | AF18: =IF(AND(G18=P18,G18=Y18),1,0) -> 1 | AH18: =IF(AND(P18<G18,P18<Y18),2,0) -> 0 | AI18: =IF(AND(P18=G18,P18<Y18),1,0) -> 0 | AJ18: =IF(AND(P18=Y18,P18<G18),1,0) -> 0 | AK18: =IF(AND(P18=G18,P18=Y18),1,0) -> 1 | AM18: =IF(AND(Y18<G18,Y18<P18),2,0) -> 0 | AN18: =IF(AND(Y18=G18,Y18<P18),1,0) -> 0 | AO18: =IF(AND(Y18=P18,Y18<G18),1,0) -> 0 | AP18: =IF(AND(Y18=G18,Y18=P18),1,0) -> 1
B19: Bahn 10 | C19: 14 | D19: 3 | F19: =INDEX(Basis!$C$2:$BJ$19,MATCH($C19,Basis!$B$2:$B$19,0),MATCH(F$4,Basis!$C$1:$BJ$1,0)) -> 1 | H19: =IF(G19="",0,IF(G19-D19=0,2,IF(G19-D19=-1,3,IF(G19-D19=-2,4,IF(G19-D19=-3,5,IF(G19-D19=-4,6,IF(G19-D19=1,1,IF(G19-D19>=2,0,)))))))) -> 0 | I19: =IF(G19="",0,IF(G19-F19-D19=0,2,IF(G19-F19-D19=-1,3,IF(G19-F19-D19=-2,4,IF(G19-F19-D19=-3,5,IF(G19-F19-D19=-4,6,IF(G19-F19-D19=1,1,IF(G19-F19-D19>=2,0,)))))))) -> 0 | K19: Bahn 10 | L19: =C19 -> 14 | M19: =D19 -> 3 | O19: =INDEX(Basis!$C$2:$BJ$19,MATCH($C19,Basis!$B$2:$B$19,0),MATCH(O$4,Basis!$C$1:$BJ$1,0)) -> 1 | Q19: =IF(P19="",0,IF(P19-M19=0,2,IF(P19-M19=-1,3,IF(P19-M19=-2,4,IF(P19-M19=-3,5,IF(P19-M19=-4,6,IF(P19-M19=1,1,IF(P19-M19>=2,0,)))))))) -> 0 | R19: =IF(P19="",0,IF(P19-O19-M19=0,2,IF(P19-O19-M19=-1,3,IF(P19-O19-M19=-2,4,IF(P19-O19-M19=-3,5,IF(P19-O19-M19=-4,6,IF(P19-O19-M19=1,1,IF(P19-O19-M19>=2,0,)))))))) -> 0 | T19: Bahn 10 | U19: =C19 -> 14 | V19: =D19 -> 3 | X19: =INDEX(Basis!$C$2:$BJ$19,MATCH($U19,Basis!$B$2:$B$19,0),MATCH(X$4,Basis!$C$1:$BJ$1,0)) -> 1 | Z19: =IF(Y19="",0,IF(Y19-V19=0,2,IF(Y19-V19=-1,3,IF(Y19-V19=-2,4,IF(Y19-V19=-3,5,IF(Y19-V19=-4,6,IF(Y19-V19=1,1,IF(Y19-V19>=2,0,)))))))) -> 0 | AA19: =IF(Y19="",0,IF(Y19-X19-V19=0,2,IF(Y19-X19-V19=-1,3,IF(Y19-X19-V19=-2,4,IF(Y19-X19-V19=-3,5,IF(Y19-X19-V19=-4,6,IF(Y19-X19-V19=1,1,IF(Y19-X19-V19>=2,0,)))))))) -> 0 | AC19: =IF(AND(G19<P19,G19<Y19),2,0) -> 0 | AD19: =IF(AND(G19<P19,G19=Y19),1,0) -> 0 | AE19: =IF(AND(G19=P19,G19<Y19),1,0) -> 0 | AF19: =IF(AND(G19=P19,G19=Y19),1,0) -> 1 | AH19: =IF(AND(P19<G19,P19<Y19),2,0) -> 0 | AI19: =IF(AND(P19=G19,P19<Y19),1,0) -> 0 | AJ19: =IF(AND(P19=Y19,P19<G19),1,0) -> 0 | AK19: =IF(AND(P19=G19,P19=Y19),1,0) -> 1 | AM19: =IF(AND(Y19<G19,Y19<P19),2,0) -> 0 | AN19: =IF(AND(Y19=G19,Y19<P19),1,0) -> 0 | AO19: =IF(AND(Y19=P19,Y19<G19),1,0) -> 0 | AP19: =IF(AND(Y19=G19,Y19=P19),1,0) -> 1
B20: Bahn 11 | C20: 6 | D20: 4 | F20: =INDEX(Basis!$C$2:$BJ$19,MATCH($C20,Basis!$B$2:$B$19,0),MATCH(F$4,Basis!$C$1:$BJ$1,0)) -> 1 | H20: =IF(G20="",0,IF(G20-D20=0,2,IF(G20-D20=-1,3,IF(G20-D20=-2,4,IF(G20-D20=-3,5,IF(G20-D20=-4,6,IF(G20-D20=1,1,IF(G20-D20>=2,0,)))))))) -> 0 | I20: =IF(G20="",0,IF(G20-F20-D20=0,2,IF(G20-F20-D20=-1,3,IF(G20-F20-D20=-2,4,IF(G20-F20-D20=-3,5,IF(G20-F20-D20=-4,6,IF(G20-F20-D20=1,1,IF(G20-F20-D20>=2,0,)))))))) -> 0 | K20: Bahn 11 | L20: =C20 -> 6 | M20: =D20 -> 4 | O20: =INDEX(Basis!$C$2:$BJ$19,MATCH($C20,Basis!$B$2:$B$19,0),MATCH(O$4,Basis!$C$1:$BJ$1,0)) -> 2 | Q20: =IF(P20="",0,IF(P20-M20=0,2,IF(P20-M20=-1,3,IF(P20-M20=-2,4,IF(P20-M20=-3,5,IF(P20-M20=-4,6,IF(P20-M20=1,1,IF(P20-M20>=2,0,)))))))) -> 0 | R20: =IF(P20="",0,IF(P20-O20-M20=0,2,IF(P20-O20-M20=-1,3,IF(P20-O20-M20=-2,4,IF(P20-O20-M20=-3,5,IF(P20-O20-M20=-4,6,IF(P20-O20-M20=1,1,IF(P20-O20-M20>=2,0,)))))))) -> 0 | T20: Bahn 11 | U20: =C20 -> 6 | V20: =D20 -> 4 | X20: =INDEX(Basis!$C$2:$BJ$19,MATCH($U20,Basis!$B$2:$B$19,0),MATCH(X$4,Basis!$C$1:$BJ$1,0)) -> 2 | Z20: =IF(Y20="",0,IF(Y20-V20=0,2,IF(Y20-V20=-1,3,IF(Y20-V20=-2,4,IF(Y20-V20=-3,5,IF(Y20-V20=-4,6,IF(Y20-V20=1,1,IF(Y20-V20>=2,0,)))))))) -> 0 | AA20: =IF(Y20="",0,IF(Y20-X20-V20=0,2,IF(Y20-X20-V20=-1,3,IF(Y20-X20-V20=-2,4,IF(Y20-X20-V20=-3,5,IF(Y20-X20-V20=-4,6,IF(Y20-X20-V20=1,1,IF(Y20-X20-V20>=2,0,)))))))) -> 0 | AC20: =IF(AND(G20<P20,G20<Y20),2,0) -> 0 | AD20: =IF(AND(G20<P20,G20=Y20),1,0) -> 0 | AE20: =IF(AND(G20=P20,G20<Y20),1,0) -> 0 | AF20: =IF(AND(G20=P20,G20=Y20),1,0) -> 1 | AH20: =IF(AND(P20<G20,P20<Y20),2,0) -> 0 | AI20: =IF(AND(P20=G20,P20<Y20),1,0) -> 0 | AJ20: =IF(AND(P20=Y20,P20<G20),1,0) -> 0 | AK20: =IF(AND(P20=G20,P20=Y20),1,0) -> 1 | AM20: =IF(AND(Y20<G20,Y20<P20),2,0) -> 0 | AN20: =IF(AND(Y20=G20,Y20<P20),1,0) -> 0 | AO20: =IF(AND(Y20=P20,Y20<G20),1,0) -> 0 | AP20: =IF(AND(Y20=G20,Y20=P20),1,0) -> 1
B21: Bahn 12 | C21: 18 | D21: 3 | F21: =INDEX(Basis!$C$2:$BJ$19,MATCH($C21,Basis!$B$2:$B$19,0),MATCH(F$4,Basis!$C$1:$BJ$1,0)) -> 1 | H21: =IF(G21="",0,IF(G21-D21=0,2,IF(G21-D21=-1,3,IF(G21-D21=-2,4,IF(G21-D21=-3,5,IF(G21-D21=-4,6,IF(G21-D21=1,1,IF(G21-D21>=2,0,)))))))) -> 0 | I21: =IF(G21="",0,IF(G21-F21-D21=0,2,IF(G21-F21-D21=-1,3,IF(G21-F21-D21=-2,4,IF(G21-F21-D21=-3,5,IF(G21-F21-D21=-4,6,IF(G21-F21-D21=1,1,IF(G21-F21-D21>=2,0,)))))))) -> 0 | K21: Bahn 12 | L21: =C21 -> 18 | M21: =D21 -> 3 | O21: =INDEX(Basis!$C$2:$BJ$19,MATCH($C21,Basis!$B$2:$B$19,0),MATCH(O$4,Basis!$C$1:$BJ$1,0)) -> 1 | Q21: =IF(P21="",0,IF(P21-M21=0,2,IF(P21-M21=-1,3,IF(P21-M21=-2,4,IF(P21-M21=-3,5,IF(P21-M21=-4,6,IF(P21-M21=1,1,IF(P21-M21>=2,0,)))))))) -> 0 | R21: =IF(P21="",0,IF(P21-O21-M21=0,2,IF(P21-O21-M21=-1,3,IF(P21-O21-M21=-2,4,IF(P21-O21-M21=-3,5,IF(P21-O21-M21=-4,6,IF(P21-O21-M21=1,1,IF(P21-O21-M21>=2,0,)))))))) -> 0 | T21: Bahn 12 | U21: =C21 -> 18 | V21: =D21 -> 3 | X21: =INDEX(Basis!$C$2:$BJ$19,MATCH($U21,Basis!$B$2:$B$19,0),MATCH(X$4,Basis!$C$1:$BJ$1,0)) -> 1 | Z21: =IF(Y21="",0,IF(Y21-V21=0,2,IF(Y21-V21=-1,3,IF(Y21-V21=-2,4,IF(Y21-V21=-3,5,IF(Y21-V21=-4,6,IF(Y21-V21=1,1,IF(Y21-V21>=2,0,)))))))) -> 0 | AA21: =IF(Y21="",0,IF(Y21-X21-V21=0,2,IF(Y21-X21-V21=-1,3,IF(Y21-X21-V21=-2,4,IF(Y21-X21-V21=-3,5,IF(Y21-X21-V21=-4,6,IF(Y21-X21-V21=1,1,IF(Y21-X21-V21>=2,0,)))))))) -> 0 | AC21: =IF(AND(G21<P21,G21<Y21),2,0) -> 0 | AD21: =IF(AND(G21<P21,G21=Y21),1,0) -> 0 | AE21: =IF(AND(G21=P21,G21<Y21),1,0) -> 0 | AF21: =IF(AND(G21=P21,G21=Y21),1,0) -> 1 | AH21: =IF(AND(P21<G21,P21<Y21),2,0) -> 0 | AI21: =IF(AND(P21=G21,P21<Y21),1,0) -> 0 | AJ21: =IF(AND(P21=Y21,P21<G21),1,0) -> 0 | AK21: =IF(AND(P21=G21,P21=Y21),1,0) -> 1 | AM21: =IF(AND(Y21<G21,Y21<P21),2,0) -> 0 | AN21: =IF(AND(Y21=G21,Y21<P21),1,0) -> 0 | AO21: =IF(AND(Y21=P21,Y21<G21),1,0) -> 0 | AP21: =IF(AND(Y21=G21,Y21=P21),1,0) -> 1
... B27: Bahn 18 | C27: 10 | D27: 4 | F27: =INDEX(Basis!$C$2:$BJ$19,MATCH($C27,Basis!$B$2:$B$19,0),MATCH(F$4,Basis!$C$1:$BJ$1,0)) -> 1 | H27: =IF(G27="",0,IF(G27-D27=0,2,IF(G27-D27=-1,3,IF(G27-D27=-2,4,IF(G27-D27=-3,5,IF(G27-D27=-4,6,IF(G27-D27=1,1,IF(G27-D27>=2,0,)))))))) -> 0 | I27: =IF(G27="",0,IF(G27-F27-D27=0,2,IF(G27-F27-D27=-1,3,IF(G27-F27-D27=-2,4,IF(G27-F27-D27=-3,5,IF(G27-F27-D27=-4,6,IF(G27-F27-D27=1,1,IF(G27-F27-D27>=2,0,)))))))) -> 0 | K27: Bahn 18 | L27: =C27 -> 10 | M27: =D27 -> 4 | O27: =INDEX(Basis!$C$2:$BJ$19,MATCH($C27,Basis!$B$2:$B$19,0),MATCH(O$4,Basis!$C$1:$BJ$1,0)) -> 1 | Q27: =IF(P27="",0,IF(P27-M27=0,2,IF(P27-M27=-1,3,IF(P27-M27=-2,4,IF(P27-M27=-3,5,IF(P27-M27=-4,6,IF(P27-M27=1,1,IF(P27-M27>=2,0,)))))))) -> 0 | R27: =IF(P27="",0,IF(P27-O27-M27=0,2,IF(P27-O27-M27=-1,3,IF(P27-O27-M27=-2,4,IF(P27-O27-M27=-3,5,IF(P27-O27-M27=-4,6,IF(P27-O27-M27=1,1,IF(P27-O27-M27>=2,0,)))))))) -> 0 | T27: Bahn 18 | U27: =C27 -> 10 | V27: =D27 -> 4 | X27: =INDEX(Basis!$C$2:$BJ$19,MATCH($U27,Basis!$B$2:$B$19,0),MATCH(X$4,Basis!$C$1:$BJ$1,0)) -> 1 | Z27: =IF(Y27="",0,IF(Y27-V27=0,2,IF(Y27-V27=-1,3,IF(Y27-V27=-2,4,IF(Y27-V27=-3,5,IF(Y27-V27=-4,6,IF(Y27-V27=1,1,IF(Y27-V27>=2,0,)))))))) -> 0 | AA27: =IF(Y27="",0,IF(Y27-X27-V27=0,2,IF(Y27-X27-V27=-1,3,IF(Y27-X27-V27=-2,4,IF(Y27-X27-V27=-3,5,IF(Y27-X27-V27=-4,6,IF(Y27-X27-V27=1,1,IF(Y27-X27-V27>=2,0,)))))))) -> 0 | AC27: =IF(AND(G27<P27,G27<Y27),2,0) -> 0 | AD27: =IF(AND(G27<P27,G27=Y27),1,0) -> 0 | AE27: =IF(AND(G27=P27,G27<Y27),1,0) -> 0 | AF27: =IF(AND(G27=P27,G27=Y27),1,0) -> 1 | AH27: =IF(AND(P27<G27,P27<Y27),2,0) -> 0 | AI27: =IF(AND(P27=G27,P27<Y27),1,0) -> 0 | AJ27: =IF(AND(P27=Y27,P27<G27),1,0) -> 0 | AK27: =IF(AND(P27=G27,P27=Y27),1,0) -> 1 | AM27: =IF(AND(Y27<G27,Y27<P27),2,0) -> 0 | AN27: =IF(AND(Y27=G27,Y27<P27),1,0) -> 0 | AO27: =IF(AND(Y27=P27,Y27<G27),1,0) -> 0 | AP27: =IF(AND(Y27=G27,Y27=P27),1,0) -> 1
B29: In | G29: =SUM(G10:G18) -> 0 | H29: =SUM(H10:H18) -> 0 | I29: =SUM(I10:I18) -> 0 | K29: In | P29: =SUM(P10:P18) -> 0 | Q29: =SUM(Q10:Q18) -> 0 | R29: =SUM(R10:R18) -> 0 | T29: In | Y29: =SUM(Y10:Y18) -> 0 | Z29: =SUM(Z10:Z18) -> 0 | AA29: =SUM(AA10:AA18) -> 0 | AC29: =SUM(AC10:AC18) -> 0 | AD29: =SUM(AD10:AD18) -> 0 | AE29: =SUM(AE10:AE18) -> 0 | AF29: =SUM(AF10:AF18) -> 9 | AH29: =SUM(AH10:AH18) -> 0 | AI29: =SUM(AI10:AI18) -> 0 | AJ29: =SUM(AJ10:AJ18) -> 0 | AK29: =SUM(AK10:AK18) -> 9 | AM29: =SUM(AM10:AM18) -> 0 | AN29: =SUM(AN10:AN18) -> 0 | AO29: =SUM(AO10:AO18) -> 0 | AP29: =SUM(AP10:AP18) -> 9
B30: Out | G30: =SUM(G19:G27) -> 0 | H30: =SUM(H19:H27) -> 0 | I30: =SUM(I19:I27) -> 0 | K30: Out | P30: =SUM(P19:P27) -> 0 | Q30: =SUM(Q19:Q27) -> 0 | R30: =SUM(R19:R27) -> 0 | T30: Out | Y30: =SUM(Y19:Y27) -> 0 | Z30: =SUM(Z19:Z27) -> 0 | AA30: =SUM(AA19:AA27) -> 0 | AC30: =SUM(AC19:AC27) -> 0 | AD30: =SUM(AD19:AD27) -> 0 | AE30: =SUM(AE19:AE27) -> 0 | AF30: =SUM(AF19:AF27) -> 9 | AH30: =SUM(AH19:AH27) -> 0 | AI30: =SUM(AI19:AI27) -> 0 | AJ30: =SUM(AJ19:AJ27) -> 0 | AK30: =SUM(AK19:AK27) -> 9 | AM30: =SUM(AM19:AM27) -> 0 | AN30: =SUM(AN19:AN27) -> 0 | AO30: =SUM(AO19:AO27) -> 0 | AP30: =SUM(AP19:AP27) -> 9
F31: =SUM(F10:F27) -> 19 | G31: =SUM(G10:G27) -> 0 | H31: =SUM(H10:H27) -> 0 | I31: =SUM(I10:I27) -> 0 | O31: =SUM(O10:O27) -> 24 | P31: =SUM(P10:P27) -> 0 | Q31: =SUM(Q10:Q27) -> 0 | R31: =SUM(R10:R27) -> 0 | X31: =SUM(X10:X27) -> 26 | Y31: =SUM(Y10:Y27) -> 0 | Z31: =SUM(Z10:Z27) -> 0 | AA31: =SUM(AA10:AA27) -> 0 | AC31: =SUM(AC10:AC27) -> 0 | AD31: =SUM(AD10:AD27) -> 0 | AE31: =SUM(AE10:AE27) -> 0 | AF31: =SUM(AF10:AF27) -> 18 | AH31: =SUM(AH10:AH27) -> 0 | AI31: =SUM(AI10:AI27) -> 0 | AJ31: =SUM(AJ10:AJ27) -> 0 | AK31: =SUM(AK10:AK27) -> 18 | AM31: =SUM(AM10:AM27) -> 0 | AN31: =SUM(AN10:AN27) -> 0 | AO31: =SUM(AO10:AO27) -> 0 | AP31: =SUM(AP10:AP27) -> 18
AF32: =SUM(AC31:AF31) -> 18 | AK32: =SUM(AH31:AK31) -> 18 | AP32: =SUM(AM31:AP31) -> 18
B34: GC Bad Waltersdorf
A35: Spieler | B35: Ludwig | K35: Andreas | T35: Peter | AC35: =B35 -> Ludwig | AH35: =K35 -> Andreas | AM35: =T35 -> Peter
A36: HCP | F36: =F3 -> 17.4 | O36: =O3 -> 21.3 | X36: =X3 -> 26.3
A37: Spielvorgabe | F37: 17 | O37: 21 | X37: 27
A38: Vorgabeklasse | F38: =IF(F36<4.4,1,IF(AND(F36>=4.5,F36<=11.4),2,IF(AND(F36>=11.5,F36<=18.4),3,IF(AND(F36>=18.5,F36<=26.4),4,IF(AND(F36>=26.5,F36<=36),5,IF(F36>=36,6)))))) -> 3 | O38: =IF(O36<4.4,1,IF(AND(O36>=4.5,O36<=11.4),2,IF(AND(O36>=11.5,O36<=18.4),3,IF(AND(O36>=18.5,O36<=26.4),4,IF(AND(O36>=26.5,O36<=36),5,IF(O36>=36,6)))))) -> 4 | X38: =IF(X36<4.4,1,IF(AND(X36>=4.5,X36<=11.4),2,IF(AND(X36>=11.5,X36<=18.4),3,IF(AND(X36>=18.5,X36<=26.4),4,IF(AND(X36>=26.5,X36<=36),5,IF(X36>=36,6)))))) -> 4
A39: Pufferzone | F39: =VLOOKUP(F38,HCP!$A$6:$C$11,3,FALSE) -> 33 | O39: =VLOOKUP(O38,HCP!$A$6:$C$11,3,FALSE) -> 32 | X39: =VLOOKUP(X38,HCP!$A$6:$C$11,3,FALSE) -> 32
F40: =IF(I64>36,"Herabsetzung",IF(AND(I64<=36,I64>=F39),"Puffer","Heraufsetzung")) -> Heraufsetzung | O40: =IF(R64>36,"Herabsetzung",IF(AND(R64<=36,R64>=O39),"Puffer","Heraufsetzung")) -> Heraufsetzung | X40: =IF(AA64>36,"Herabsetzung",IF(AND(AA64<=36,AA64>=X39),"Puffer","Heraufsetzung")) -> Heraufsetzung
A41: Neues HCP | F41: =IF(F40="Heraufsetzung",INDEX(HCP!$C$395:$D$755,MATCH(F36,HCP!$C$394:$C$755,0),MATCH($A$8,HCP!$D$394,0)),IF(F40="Puffer",F36,IF(F40="Herabsetzung",INDEX(HCP!$C$29:$AK$389,MATCH(F36,HCP!$C$29:$C$389,0),MATCH(I64,HCP!$C$28:$AK$28,0))))) -> 17.5 | O41: =IF(O40="Heraufsetzung",INDEX(HCP!$C$395:$D$755,MATCH(O36,HCP!$C$394:$C$755,0),MATCH($A$8,HCP!$D$394,0)),IF(O40="Puffer",O36,IF(O40="Herabsetzung",INDEX(HCP!$C$29:$AK$389,MATCH(O36,HCP!$C$29:$C$389,0),MATCH(R64,HCP!$C$28:$AK$28,0))))) -> 21.4 | X41: =IF(X40="Heraufsetzung",INDEX(HCP!$C$395:$D$755,MATCH(X36,HCP!$C$394:$C$755,0),MATCH($A$8,HCP!$D$394,0)),IF(X40="Puffer",X36,IF(X40="Herabsetzung",INDEX(HCP!$C$29:$AK$389,MATCH(X36,HCP!$C$29:$C$389,0),MATCH(AA64,HCP!$C$28:$AK$28,0))))) -> 26.4
C42: HCP | D42: PAR | F42: Spv | G42: Schläge | H42: Brutto | I42: Netto | L42: HCP | M42: PAR | O42: Spv | P42: Schläge | Q42: Brutto | R42: Netto | U42: HCP | V42: PAR | X42: Spv | Y42: Schläge | Z42: Brutto | AA42: Netto | AC42: Allein | AD42: Zwei | AE42: Zwei | AF42: Drei | AH42: Allein | AI42: Zwei | AJ42: Zwei | AK42: Drei | AM42: Allein | AN42: Zwei | AO42: Zwei | AP42: Drei
B43: Bahn 1 | C43: 9 | D43: 4 | F43: =INDEX(Basis!$C$2:$BJ$19,MATCH($C43,Basis!$B$2:$B$19,0),MATCH(F$37,Basis!$C$1:$BJ$1,0)) -> 1 | H43: =IF(G43="",0,IF(G43-D43=0,2,IF(G43-D43=-1,3,IF(G43-D43=-2,4,IF(G43-D43=-3,5,IF(G43-D43=-4,6,IF(G43-D43=1,1,IF(G43-D43>=2,0,)))))))) -> 0 | I43: =IF(G43="",0,IF(G43-F43-D43=0,2,IF(G43-F43-D43=-1,3,IF(G43-F43-D43=-2,4,IF(G43-F43-D43=-3,5,IF(G43-F43-D43=-4,6,IF(G43-F43-D43=1,1,IF(G43-F43-D43>=2,0,)))))))) -> 0 | K43: Bahn 1 | L43: =C43 -> 9 | M43: =D43 -> 4 | O43: =INDEX(Basis!$C$2:$BJ$19,MATCH($C43,Basis!$B$2:$B$19,0),MATCH(O$37,Basis!$C$1:$BJ$1,0)) -> 1 | Q43: =IF(P43="",0,IF(P43-M43=0,2,IF(P43-M43=-1,3,IF(P43-M43=-2,4,IF(P43-M43=-3,5,IF(P43-M43=-4,6,IF(P43-M43=1,1,IF(P43-M43>=2,0,)))))))) -> 0 | R43: =IF(P43="",0,IF(P43-O43-M43=0,2,IF(P43-O43-M43=-1,3,IF(P43-O43-M43=-2,4,IF(P43-O43-M43=-3,5,IF(P43-O43-M43=-4,6,IF(P43-O43-M43=1,1,IF(P43-O43-M43>=2,0,)))))))) -> 0 | T43: Bahn 1 | U43: =C43 -> 9 | V43: =D43 -> 4 | X43: =INDEX(Basis!$C$2:$BJ$19,MATCH($U43,Basis!$B$2:$B$19,0),MATCH(X$37,Basis!$C$1:$BJ$1,0)) -> 2 | Z43: =IF(Y43="",0,IF(Y43-V43=0,2,IF(Y43-V43=-1,3,IF(Y43-V43=-2,4,IF(Y43-V43=-3,5,IF(Y43-V43=-4,6,IF(Y43-V43=1,1,IF(Y43-V43>=2,0,)))))))) -> 0 | AA43: =IF(Y43="",0,IF(Y43-X43-V43=0,2,IF(Y43-X43-V43=-1,3,IF(Y43-X43-V43=-2,4,IF(Y43-X43-V43=-3,5,IF(Y43-X43-V43=-4,6,IF(Y43-X43-V43=1,1,IF(Y43-X43-V43>=2,0,)))))))) -> 0 | AC43: =IF(AND(G43<P43,G43<Y43),2,0) -> 0 | AD43: =IF(AND(G43<P43,G43=Y43),1,0) -> 0 | AE43: =IF(AND(G43=P43,G43<Y43),1,0) -> 0 | AF43: =IF(AND(G43=P43,G43=Y43),1,0) -> 1 | AH43: =IF(AND(P43<G43,P43<Y43),2,0) -> 0 | AI43: =IF(AND(P43=G43,P43<Y43),1,0) -> 0 | AJ43: =IF(AND(P43=Y43,P43<G43),1,0) -> 0 | AK43: =IF(AND(P43=G43,P43=Y43),1,0) -> 1 | AM43: =IF(AND(Y43<G43,Y43<P43),2,0) -> 0 | AN43: =IF(AND(Y43=G43,Y43<P43),1,0) -> 0 | AO43: =IF(AND(Y43=P43,Y43<G43),1,0) -> 0 | AP43: =IF(AND(Y43=G43,Y43=P43),1,0) -> 1
B44: Bahn 2 | C44: 3 | D44: 5 | F44: =INDEX(Basis!$C$2:$BJ$19,MATCH($C44,Basis!$B$2:$B$19,0),MATCH(F$37,Basis!$C$1:$BJ$1,0)) -> 1 | H44: =IF(G44="",0,IF(G44-D44=0,2,IF(G44-D44=-1,3,IF(G44-D44=-2,4,IF(G44-D44=-3,5,IF(G44-D44=-4,6,IF(G44-D44=1,1,IF(G44-D44>=2,0,)))))))) -> 0 | I44: =IF(G44="",0,IF(G44-F44-D44=0,2,IF(G44-F44-D44=-1,3,IF(G44-F44-D44=-2,4,IF(G44-F44-D44=-3,5,IF(G44-F44-D44=-4,6,IF(G44-F44-D44=1,1,IF(G44-F44-D44>=2,0,)))))))) -> 0 | K44: Bahn 2 | L44: =C44 -> 3 | M44: =D44 -> 5 | O44: =INDEX(Basis!$C$2:$BJ$19,MATCH($C44,Basis!$B$2:$B$19,0),MATCH(O$37,Basis!$C$1:$BJ$1,0)) -> 2 | Q44: =IF(P44="",0,IF(P44-M44=0,2,IF(P44-M44=-1,3,IF(P44-M44=-2,4,IF(P44-M44=-3,5,IF(P44-M44=-4,6,IF(P44-M44=1,1,IF(P44-M44>=2,0,)))))))) -> 0 | R44: =IF(P44="",0,IF(P44-O44-M44=0,2,IF(P44-O44-M44=-1,3,IF(P44-O44-M44=-2,4,IF(P44-O44-M44=-3,5,IF(P44-O44-M44=-4,6,IF(P44-O44-M44=1,1,IF(P44-O44-M44>=2,0,)))))))) -> 0 | T44: Bahn 2 | U44: =C44 -> 3 | V44: =D44 -> 5 | X44: =INDEX(Basis!$C$2:$BJ$19,MATCH($U44,Basis!$B$2:$B$19,0),MATCH(X$37,Basis!$C$1:$BJ$1,0)) -> 2 | Z44: =IF(Y44="",0,IF(Y44-V44=0,2,IF(Y44-V44=-1,3,IF(Y44-V44=-2,4,IF(Y44-V44=-3,5,IF(Y44-V44=-4,6,IF(Y44-V44=1,1,IF(Y44-V44>=2,0,)))))))) -> 0 | AA44: =IF(Y44="",0,IF(Y44-X44-V44=0,2,IF(Y44-X44-V44=-1,3,IF(Y44-X44-V44=-2,4,IF(Y44-X44-V44=-3,5,IF(Y44-X44-V44=-4,6,IF(Y44-X44-V44=1,1,IF(Y44-X44-V44>=2,0,)))))))) -> 0 | AC44: =IF(AND(G44<P44,G44<Y44),2,0) -> 0 | AD44: =IF(AND(G44<P44,G44=Y44),1,0) -> 0 | AE44: =IF(AND(G44=P44,G44<Y44),1,0) -> 0 | AF44: =IF(AND(G44=P44,G44=Y44),1,0) -> 1 | AH44: =IF(AND(P44<G44,P44<Y44),2,0) -> 0 | AI44: =IF(AND(P44=G44,P44<Y44),1,0) -> 0 | AJ44: =IF(AND(P44=Y44,P44<G44),1,0) -> 0 | AK44: =IF(AND(P44=G44,P44=Y44),1,0) -> 1 | AM44: =IF(AND(Y44<G44,Y44<P44),2,0) -> 0 | AN44: =IF(AND(Y44=G44,Y44<P44),1,0) -> 0 | AO44: =IF(AND(Y44=P44,Y44<G44),1,0) -> 0 | AP44: =IF(AND(Y44=G44,Y44=P44),1,0) -> 1
B45: Bahn 3 | C45: 1 | D45: 4 | F45: =INDEX(Basis!$C$2:$BJ$19,MATCH($C45,Basis!$B$2:$B$19,0),MATCH(F$37,Basis!$C$1:$BJ$1,0)) -> 1 | H45: =IF(G45="",0,IF(G45-D45=0,2,IF(G45-D45=-1,3,IF(G45-D45=-2,4,IF(G45-D45=-3,5,IF(G45-D45=-4,6,IF(G45-D45=1,1,IF(G45-D45>=2,0,)))))))) -> 0 | I45: =IF(G45="",0,IF(G45-F45-D45=0,2,IF(G45-F45-D45=-1,3,IF(G45-F45-D45=-2,4,IF(G45-F45-D45=-3,5,IF(G45-F45-D45=-4,6,IF(G45-F45-D45=1,1,IF(G45-F45-D45>=2,0,)))))))) -> 0 | K45: Bahn 3 | L45: =C45 -> 1 | M45: =D45 -> 4 | O45: =INDEX(Basis!$C$2:$BJ$19,MATCH($C45,Basis!$B$2:$B$19,0),MATCH(O$37,Basis!$C$1:$BJ$1,0)) -> 2 | Q45: =IF(P45="",0,IF(P45-M45=0,2,IF(P45-M45=-1,3,IF(P45-M45=-2,4,IF(P45-M45=-3,5,IF(P45-M45=-4,6,IF(P45-M45=1,1,IF(P45-M45>=2,0,)))))))) -> 0 | R45: =IF(P45="",0,IF(P45-O45-M45=0,2,IF(P45-O45-M45=-1,3,IF(P45-O45-M45=-2,4,IF(P45-O45-M45=-3,5,IF(P45-O45-M45=-4,6,IF(P45-O45-M45=1,1,IF(P45-O45-M45>=2,0,)))))))) -> 0 | T45: Bahn 3 | U45: =C45 -> 1 | V45: =D45 -> 4 | X45: =INDEX(Basis!$C$2:$BJ$19,MATCH($U45,Basis!$B$2:$B$19,0),MATCH(X$37,Basis!$C$1:$BJ$1,0)) -> 2 | Z45: =IF(Y45="",0,IF(Y45-V45=0,2,IF(Y45-V45=-1,3,IF(Y45-V45=-2,4,IF(Y45-V45=-3,5,IF(Y45-V45=-4,6,IF(Y45-V45=1,1,IF(Y45-V45>=2,0,)))))))) -> 0 | AA45: =IF(Y45="",0,IF(Y45-X45-V45=0,2,IF(Y45-X45-V45=-1,3,IF(Y45-X45-V45=-2,4,IF(Y45-X45-V45=-3,5,IF(Y45-X45-V45=-4,6,IF(Y45-X45-V45=1,1,IF(Y45-X45-V45>=2,0,)))))))) -> 0 | AC45: =IF(AND(G45<P45,G45<Y45),2,0) -> 0 | AD45: =IF(AND(G45<P45,G45=Y45),1,0) -> 0 | AE45: =IF(AND(G45=P45,G45<Y45),1,0) -> 0 | AF45: =IF(AND(G45=P45,G45=Y45),1,0) -> 1 | AH45: =IF(AND(P45<G45,P45<Y45),2,0) -> 0 | AI45: =IF(AND(P45=G45,P45<Y45),1,0) -> 0 | AJ45: =IF(AND(P45=Y45,P45<G45),1,0) -> 0 | AK45: =IF(AND(P45=G45,P45=Y45),1,0) -> 1 | AM45: =IF(AND(Y45<G45,Y45<P45),2,0) -> 0 | AN45: =IF(AND(Y45=G45,Y45<P45),1,0) -> 0 | AO45: =IF(AND(Y45=P45,Y45<G45),1,0) -> 0 | AP45: =IF(AND(Y45=G45,Y45=P45),1,0) -> 1
B46: Bahn 4 | C46: 13 | D46: 3 | F46: =INDEX(Basis!$C$2:$BJ$19,MATCH($C46,Basis!$B$2:$B$19,0),MATCH(F$37,Basis!$C$1:$BJ$1,0)) -> 1 | H46: =IF(G46="",0,IF(G46-D46=0,2,IF(G46-D46=-1,3,IF(G46-D46=-2,4,IF(G46-D46=-3,5,IF(G46-D46=-4,6,IF(G46-D46=1,1,IF(G46-D46>=2,0,)))))))) -> 0 | I46: =IF(G46="",0,IF(G46-F46-D46=0,2,IF(G46-F46-D46=-1,3,IF(G46-F46-D46=-2,4,IF(G46-F46-D46=-3,5,IF(G46-F46-D46=-4,6,IF(G46-F46-D46=1,1,IF(G46-F46-D46>=2,0,)))))))) -> 0 | K46: Bahn 4 | L46: =C46 -> 13 | M46: =D46 -> 3 | O46: =INDEX(Basis!$C$2:$BJ$19,MATCH($C46,Basis!$B$2:$B$19,0),MATCH(O$37,Basis!$C$1:$BJ$1,0)) -> 1 | Q46: =IF(P46="",0,IF(P46-M46=0,2,IF(P46-M46=-1,3,IF(P46-M46=-2,4,IF(P46-M46=-3,5,IF(P46-M46=-4,6,IF(P46-M46=1,1,IF(P46-M46>=2,0,)))))))) -> 0 | R46: =IF(P46="",0,IF(P46-O46-M46=0,2,IF(P46-O46-M46=-1,3,IF(P46-O46-M46=-2,4,IF(P46-O46-M46=-3,5,IF(P46-O46-M46=-4,6,IF(P46-O46-M46=1,1,IF(P46-O46-M46>=2,0,)))))))) -> 0 | T46: Bahn 4 | U46: =C46 -> 13 | V46: =D46 -> 3 | X46: =INDEX(Basis!$C$2:$BJ$19,MATCH($U46,Basis!$B$2:$B$19,0),MATCH(X$37,Basis!$C$1:$BJ$1,0)) -> 1 | Z46: =IF(Y46="",0,IF(Y46-V46=0,2,IF(Y46-V46=-1,3,IF(Y46-V46=-2,4,IF(Y46-V46=-3,5,IF(Y46-V46=-4,6,IF(Y46-V46=1,1,IF(Y46-V46>=2,0,)))))))) -> 0 | AA46: =IF(Y46="",0,IF(Y46-X46-V46=0,2,IF(Y46-X46-V46=-1,3,IF(Y46-X46-V46=-2,4,IF(Y46-X46-V46=-3,5,IF(Y46-X46-V46=-4,6,IF(Y46-X46-V46=1,1,IF(Y46-X46-V46>=2,0,)))))))) -> 0 | AC46: =IF(AND(G46<P46,G46<Y46),2,0) -> 0 | AD46: =IF(AND(G46<P46,G46=Y46),1,0) -> 0 | AE46: =IF(AND(G46=P46,G46<Y46),1,0) -> 0 | AF46: =IF(AND(G46=P46,G46=Y46),1,0) -> 1 | AH46: =IF(AND(P46<G46,P46<Y46),2,0) -> 0 | AI46: =IF(AND(P46=G46,P46<Y46),1,0) -> 0 | AJ46: =IF(AND(P46=Y46,P46<G46),1,0) -> 0 | AK46: =IF(AND(P46=G46,P46=Y46),1,0) -> 1 | AM46: =IF(AND(Y46<G46,Y46<P46),2,0) -> 0 | AN46: =IF(AND(Y46=G46,Y46<P46),1,0) -> 0 | AO46: =IF(AND(Y46=P46,Y46<G46),1,0) -> 0 | AP46: =IF(AND(Y46=G46,Y46=P46),1,0) -> 1
B47: Bahn 5 | C47: 11 | D47: 4 | F47: =INDEX(Basis!$C$2:$BJ$19,MATCH($C47,Basis!$B$2:$B$19,0),MATCH(F$37,Basis!$C$1:$BJ$1,0)) -> 1 | H47: =IF(G47="",0,IF(G47-D47=0,2,IF(G47-D47=-1,3,IF(G47-D47=-2,4,IF(G47-D47=-3,5,IF(G47-D47=-4,6,IF(G47-D47=1,1,IF(G47-D47>=2,0,)))))))) -> 0 | I47: =IF(G47="",0,IF(G47-F47-D47=0,2,IF(G47-F47-D47=-1,3,IF(G47-F47-D47=-2,4,IF(G47-F47-D47=-3,5,IF(G47-F47-D47=-4,6,IF(G47-F47-D47=1,1,IF(G47-F47-D47>=2,0,)))))))) -> 0 | K47: Bahn 5 | L47: =C47 -> 11 | M47: =D47 -> 4 | O47: =INDEX(Basis!$C$2:$BJ$19,MATCH($C47,Basis!$B$2:$B$19,0),MATCH(O$37,Basis!$C$1:$BJ$1,0)) -> 1 | Q47: =IF(P47="",0,IF(P47-M47=0,2,IF(P47-M47=-1,3,IF(P47-M47=-2,4,IF(P47-M47=-3,5,IF(P47-M47=-4,6,IF(P47-M47=1,1,IF(P47-M47>=2,0,)))))))) -> 0 | R47: =IF(P47="",0,IF(P47-O47-M47=0,2,IF(P47-O47-M47=-1,3,IF(P47-O47-M47=-2,4,IF(P47-O47-M47=-3,5,IF(P47-O47-M47=-4,6,IF(P47-O47-M47=1,1,IF(P47-O47-M47>=2,0,)))))))) -> 0 | T47: Bahn 5 | U47: =C47 -> 11 | V47: =D47 -> 4 | X47: =INDEX(Basis!$C$2:$BJ$19,MATCH($U47,Basis!$B$2:$B$19,0),MATCH(X$37,Basis!$C$1:$BJ$1,0)) -> 1 | Z47: =IF(Y47="",0,IF(Y47-V47=0,2,IF(Y47-V47=-1,3,IF(Y47-V47=-2,4,IF(Y47-V47=-3,5,IF(Y47-V47=-4,6,IF(Y47-V47=1,1,IF(Y47-V47>=2,0,)))))))) -> 0 | AA47: =IF(Y47="",0,IF(Y47-X47-V47=0,2,IF(Y47-X47-V47=-1,3,IF(Y47-X47-V47=-2,4,IF(Y47-X47-V47=-3,5,IF(Y47-X47-V47=-4,6,IF(Y47-X47-V47=1,1,IF(Y47-X47-V47>=2,0,)))))))) -> 0 | AC47: =IF(AND(G47<P47,G47<Y47),2,0) -> 0 | AD47: =IF(AND(G47<P47,G47=Y47),1,0) -> 0 | AE47: =IF(AND(G47=P47,G47<Y47),1,0) -> 0 | AF47: =IF(AND(G47=P47,G47=Y47),1,0) -> 1 | AH47: =IF(AND(P47<G47,P47<Y47),2,0) -> 0 | AI47: =IF(AND(P47=G47,P47<Y47),1,0) -> 0 | AJ47: =IF(AND(P47=Y47,P47<G47),1,0) -> 0 | AK47: =IF(AND(P47=G47,P47=Y47),1,0) -> 1 | AM47: =IF(AND(Y47<G47,Y47<P47),2,0) -> 0 | AN47: =IF(AND(Y47=G47,Y47<P47),1,0) -> 0 | AO47: =IF(AND(Y47=P47,Y47<G47),1,0) -> 0 | AP47: =IF(AND(Y47=G47,Y47=P47),1,0) -> 1
B48: Bahn 6 | C48: 5 | D48: 4 | F48: =INDEX(Basis!$C$2:$BJ$19,MATCH($C48,Basis!$B$2:$B$19,0),MATCH(F$37,Basis!$C$1:$BJ$1,0)) -> 1 | H48: =IF(G48="",0,IF(G48-D48=0,2,IF(G48-D48=-1,3,IF(G48-D48=-2,4,IF(G48-D48=-3,5,IF(G48-D48=-4,6,IF(G48-D48=1,1,IF(G48-D48>=2,0,)))))))) -> 0 | I48: =IF(G48="",0,IF(G48-F48-D48=0,2,IF(G48-F48-D48=-1,3,IF(G48-F48-D48=-2,4,IF(G48-F48-D48=-3,5,IF(G48-F48-D48=-4,6,IF(G48-F48-D48=1,1,IF(G48-F48-D48>=2,0,)))))))) -> 0 | K48: Bahn 6 | L48: =C48 -> 5 | M48: =D48 -> 4 | O48: =INDEX(Basis!$C$2:$BJ$19,MATCH($C48,Basis!$B$2:$B$19,0),MATCH(O$37,Basis!$C$1:$BJ$1,0)) -> 1 | Q48: =IF(P48="",0,IF(P48-M48=0,2,IF(P48-M48=-1,3,IF(P48-M48=-2,4,IF(P48-M48=-3,5,IF(P48-M48=-4,6,IF(P48-M48=1,1,IF(P48-M48>=2,0,)))))))) -> 0 | R48: =IF(P48="",0,IF(P48-O48-M48=0,2,IF(P48-O48-M48=-1,3,IF(P48-O48-M48=-2,4,IF(P48-O48-M48=-3,5,IF(P48-O48-M48=-4,6,IF(P48-O48-M48=1,1,IF(P48-O48-M48>=2,0,)))))))) -> 0 | T48: Bahn 6 | U48: =C48 -> 5 | V48: =D48 -> 4 | X48: =INDEX(Basis!$C$2:$BJ$19,MATCH($U48,Basis!$B$2:$B$19,0),MATCH(X$37,Basis!$C$1:$BJ$1,0)) -> 2 | Z48: =IF(Y48="",0,IF(Y48-V48=0,2,IF(Y48-V48=-1,3,IF(Y48-V48=-2,4,IF(Y48-V48=-3,5,IF(Y48-V48=-4,6,IF(Y48-V48=1,1,IF(Y48-V48>=2,0,)))))))) -> 0 | AA48: =IF(Y48="",0,IF(Y48-X48-V48=0,2,IF(Y48-X48-V48=-1,3,IF(Y48-X48-V48=-2,4,IF(Y48-X48-V48=-3,5,IF(Y48-X48-V48=-4,6,IF(Y48-X48-V48=1,1,IF(Y48-X48-V48>=2,0,)))))))) -> 0 | AC48: =IF(AND(G48<P48,G48<Y48),2,0) -> 0 | AD48: =IF(AND(G48<P48,G48=Y48),1,0) -> 0 | AE48: =IF(AND(G48=P48,G48<Y48),1,0) -> 0 | AF48: =IF(AND(G48=P48,G48=Y48),1,0) -> 1 | AH48: =IF(AND(P48<G48,P48<Y48),2,0) -> 0 | AI48: =IF(AND(P48=G48,P48<Y48),1,0) -> 0 | AJ48: =IF(AND(P48=Y48,P48<G48),1,0) -> 0 | AK48: =IF(AND(P48=G48,P48=Y48),1,0) -> 1 | AM48: =IF(AND(Y48<G48,Y48<P48),2,0) -> 0 | AN48: =IF(AND(Y48=G48,Y48<P48),1,0) -> 0 | AO48: =IF(AND(Y48=P48,Y48<G48),1,0) -> 0 | AP48: =IF(AND(Y48=G48,Y48=P48),1,0) -> 1
B49: Bahn 7 | C49: 15 | D49: 4 | F49: =INDEX(Basis!$C$2:$BJ$19,MATCH($C49,Basis!$B$2:$B$19,0),MATCH(F$37,Basis!$C$1:$BJ$1,0)) -> 1 | H49: =IF(G49="",0,IF(G49-D49=0,2,IF(G49-D49=-1,3,IF(G49-D49=-2,4,IF(G49-D49=-3,5,IF(G49-D49=-4,6,IF(G49-D49=1,1,IF(G49-D49>=2,0,)))))))) -> 0 | I49: =IF(G49="",0,IF(G49-F49-D49=0,2,IF(G49-F49-D49=-1,3,IF(G49-F49-D49=-2,4,IF(G49-F49-D49=-3,5,IF(G49-F49-D49=-4,6,IF(G49-F49-D49=1,1,IF(G49-F49-D49>=2,0,)))))))) -> 0 | K49: Bahn 7 | L49: =C49 -> 15 | M49: =D49 -> 4 | O49: =INDEX(Basis!$C$2:$BJ$19,MATCH($C49,Basis!$B$2:$B$19,0),MATCH(O$37,Basis!$C$1:$BJ$1,0)) -> 1 | Q49: =IF(P49="",0,IF(P49-M49=0,2,IF(P49-M49=-1,3,IF(P49-M49=-2,4,IF(P49-M49=-3,5,IF(P49-M49=-4,6,IF(P49-M49=1,1,IF(P49-M49>=2,0,)))))))) -> 0 | R49: =IF(P49="",0,IF(P49-O49-M49=0,2,IF(P49-O49-M49=-1,3,IF(P49-O49-M49=-2,4,IF(P49-O49-M49=-3,5,IF(P49-O49-M49=-4,6,IF(P49-O49-M49=1,1,IF(P49-O49-M49>=2,0,)))))))) -> 0 | T49: Bahn 7 | U49: =C49 -> 15 | V49: =D49 -> 4 | X49: =INDEX(Basis!$C$2:$BJ$19,MATCH($U49,Basis!$B$2:$B$19,0),MATCH(X$37,Basis!$C$1:$BJ$1,0)) -> 1 | Z49: =IF(Y49="",0,IF(Y49-V49=0,2,IF(Y49-V49=-1,3,IF(Y49-V49=-2,4,IF(Y49-V49=-3,5,IF(Y49-V49=-4,6,IF(Y49-V49=1,1,IF(Y49-V49>=2,0,)))))))) -> 0 | AA49: =IF(Y49="",0,IF(Y49-X49-V49=0,2,IF(Y49-X49-V49=-1,3,IF(Y49-X49-V49=-2,4,IF(Y49-X49-V49=-3,5,IF(Y49-X49-V49=-4,6,IF(Y49-X49-V49=1,1,IF(Y49-X49-V49>=2,0,)))))))) -> 0 | AC49: =IF(AND(G49<P49,G49<Y49),2,0) -> 0 | AD49: =IF(AND(G49<P49,G49=Y49),1,0) -> 0 | AE49: =IF(AND(G49=P49,G49<Y49),1,0) -> 0 | AF49: =IF(AND(G49=P49,G49=Y49),1,0) -> 1 | AH49: =IF(AND(P49<G49,P49<Y49),2,0) -> 0 | AI49: =IF(AND(P49=G49,P49<Y49),1,0) -> 0 | AJ49: =IF(AND(P49=Y49,P49<G49),1,0) -> 0 | AK49: =IF(AND(P49=G49,P49=Y49),1,0) -> 1 | AM49: =IF(AND(Y49<G49,Y49<P49),2,0) -> 0 | AN49: =IF(AND(Y49=G49,Y49<P49),1,0) -> 0 | AO49: =IF(AND(Y49=P49,Y49<G49),1,0) -> 0 | AP49: =IF(AND(Y49=G49,Y49=P49),1,0) -> 1
B50: Bahn 8 | C50: 17 | D50: 3 | F50: =INDEX(Basis!$C$2:$BJ$19,MATCH($C50,Basis!$B$2:$B$19,0),MATCH(F$37,Basis!$C$1:$BJ$1,0)) -> 1 | H50: =IF(G50="",0,IF(G50-D50=0,2,IF(G50-D50=-1,3,IF(G50-D50=-2,4,IF(G50-D50=-3,5,IF(G50-D50=-4,6,IF(G50-D50=1,1,IF(G50-D50>=2,0,)))))))) -> 0 | I50: =IF(G50="",0,IF(G50-F50-D50=0,2,IF(G50-F50-D50=-1,3,IF(G50-F50-D50=-2,4,IF(G50-F50-D50=-3,5,IF(G50-F50-D50=-4,6,IF(G50-F50-D50=1,1,IF(G50-F50-D50>=2,0,)))))))) -> 0 | K50: Bahn 8 | L50: =C50 -> 17 | M50: =D50 -> 3 | O50: =INDEX(Basis!$C$2:$BJ$19,MATCH($C50,Basis!$B$2:$B$19,0),MATCH(O$37,Basis!$C$1:$BJ$1,0)) -> 1 | Q50: =IF(P50="",0,IF(P50-M50=0,2,IF(P50-M50=-1,3,IF(P50-M50=-2,4,IF(P50-M50=-3,5,IF(P50-M50=-4,6,IF(P50-M50=1,1,IF(P50-M50>=2,0,)))))))) -> 0 | R50: =IF(P50="",0,IF(P50-O50-M50=0,2,IF(P50-O50-M50=-1,3,IF(P50-O50-M50=-2,4,IF(P50-O50-M50=-3,5,IF(P50-O50-M50=-4,6,IF(P50-O50-M50=1,1,IF(P50-O50-M50>=2,0,)))))))) -> 0 | T50: Bahn 8 | U50: =C50 -> 17 | V50: =D50 -> 3 | X50: =INDEX(Basis!$C$2:$BJ$19,MATCH($U50,Basis!$B$2:$B$19,0),MATCH(X$37,Basis!$C$1:$BJ$1,0)) -> 1 | Z50: =IF(Y50="",0,IF(Y50-V50=0,2,IF(Y50-V50=-1,3,IF(Y50-V50=-2,4,IF(Y50-V50=-3,5,IF(Y50-V50=-4,6,IF(Y50-V50=1,1,IF(Y50-V50>=2,0,)))))))) -> 0 | AA50: =IF(Y50="",0,IF(Y50-X50-V50=0,2,IF(Y50-X50-V50=-1,3,IF(Y50-X50-V50=-2,4,IF(Y50-X50-V50=-3,5,IF(Y50-X50-V50=-4,6,IF(Y50-X50-V50=1,1,IF(Y50-X50-V50>=2,0,)))))))) -> 0 | AC50: =IF(AND(G50<P50,G50<Y50),2,0) -> 0 | AD50: =IF(AND(G50<P50,G50=Y50),1,0) -> 0 | AE50: =IF(AND(G50=P50,G50<Y50),1,0) -> 0 | AF50: =IF(AND(G50=P50,G50=Y50),1,0) -> 1 | AH50: =IF(AND(P50<G50,P50<Y50),2,0) -> 0 | AI50: =IF(AND(P50=G50,P50<Y50),1,0) -> 0 | AJ50: =IF(AND(P50=Y50,P50<G50),1,0) -> 0 | AK50: =IF(AND(P50=G50,P50=Y50),1,0) -> 1 | AM50: =IF(AND(Y50<G50,Y50<P50),2,0) -> 0 | AN50: =IF(AND(Y50=G50,Y50<P50),1,0) -> 0 | AO50: =IF(AND(Y50=P50,Y50<G50),1,0) -> 0 | AP50: =IF(AND(Y50=G50,Y50=P50),1,0) -> 1
B51: Bahn 9 | C51: 7 | D51: 4 | F51: =INDEX(Basis!$C$2:$BJ$19,MATCH($C51,Basis!$B$2:$B$19,0),MATCH(F$37,Basis!$C$1:$BJ$1,0)) -> 1 | H51: =IF(G51="",0,IF(G51-D51=0,2,IF(G51-D51=-1,3,IF(G51-D51=-2,4,IF(G51-D51=-3,5,IF(G51-D51=-4,6,IF(G51-D51=1,1,IF(G51-D51>=2,0,)))))))) -> 0 | I51: =IF(G51="",0,IF(G51-F51-D51=0,2,IF(G51-F51-D51=-1,3,IF(G51-F51-D51=-2,4,IF(G51-F51-D51=-3,5,IF(G51-F51-D51=-4,6,IF(G51-F51-D51=1,1,IF(G51-F51-D51>=2,0,)))))))) -> 0 | K51: Bahn 9 | L51: =C51 -> 7 | M51: =D51 -> 4 | O51: =INDEX(Basis!$C$2:$BJ$19,MATCH($C51,Basis!$B$2:$B$19,0),MATCH(O$37,Basis!$C$1:$BJ$1,0)) -> 1 | Q51: =IF(P51="",0,IF(P51-M51=0,2,IF(P51-M51=-1,3,IF(P51-M51=-2,4,IF(P51-M51=-3,5,IF(P51-M51=-4,6,IF(P51-M51=1,1,IF(P51-M51>=2,0,)))))))) -> 0 | R51: =IF(P51="",0,IF(P51-O51-M51=0,2,IF(P51-O51-M51=-1,3,IF(P51-O51-M51=-2,4,IF(P51-O51-M51=-3,5,IF(P51-O51-M51=-4,6,IF(P51-O51-M51=1,1,IF(P51-O51-M51>=2,0,)))))))) -> 0 | T51: Bahn 9 | U51: =C51 -> 7 | V51: =D51 -> 4 | X51: =INDEX(Basis!$C$2:$BJ$19,MATCH($U51,Basis!$B$2:$B$19,0),MATCH(X$37,Basis!$C$1:$BJ$1,0)) -> 2 | Z51: =IF(Y51="",0,IF(Y51-V51=0,2,IF(Y51-V51=-1,3,IF(Y51-V51=-2,4,IF(Y51-V51=-3,5,IF(Y51-V51=-4,6,IF(Y51-V51=1,1,IF(Y51-V51>=2,0,)))))))) -> 0 | AA51: =IF(Y51="",0,IF(Y51-X51-V51=0,2,IF(Y51-X51-V51=-1,3,IF(Y51-X51-V51=-2,4,IF(Y51-X51-V51=-3,5,IF(Y51-X51-V51=-4,6,IF(Y51-X51-V51=1,1,IF(Y51-X51-V51>=2,0,)))))))) -> 0 | AC51: =IF(AND(G51<P51,G51<Y51),2,0) -> 0 | AD51: =IF(AND(G51<P51,G51=Y51),1,0) -> 0 | AE51: =IF(AND(G51=P51,G51<Y51),1,0) -> 0 | AF51: =IF(AND(G51=P51,G51=Y51),1,0) -> 1 | AH51: =IF(AND(P51<G51,P51<Y51),2,0) -> 0 | AI51: =IF(AND(P51=G51,P51<Y51),1,0) -> 0 | AJ51: =IF(AND(P51=Y51,P51<G51),1,0) -> 0 | AK51: =IF(AND(P51=G51,P51=Y51),1,0) -> 1 | AM51: =IF(AND(Y51<G51,Y51<P51),2,0) -> 0 | AN51: =IF(AND(Y51=G51,Y51<P51),1,0) -> 0 | AO51: =IF(AND(Y51=P51,Y51<G51),1,0) -> 0 | AP51: =IF(AND(Y51=G51,Y51=P51),1,0) -> 1
B52: Bahn 10 | C52: 12 | D52: 4 | F52: =INDEX(Basis!$C$2:$BJ$19,MATCH($C52,Basis!$B$2:$B$19,0),MATCH(F$37,Basis!$C$1:$BJ$1,0)) -> 1 | H52: =IF(G52="",0,IF(G52-D52=0,2,IF(G52-D52=-1,3,IF(G52-D52=-2,4,IF(G52-D52=-3,5,IF(G52-D52=-4,6,IF(G52-D52=1,1,IF(G52-D52>=2,0,)))))))) -> 0 | I52: =IF(G52="",0,IF(G52-F52-D52=0,2,IF(G52-F52-D52=-1,3,IF(G52-F52-D52=-2,4,IF(G52-F52-D52=-3,5,IF(G52-F52-D52=-4,6,IF(G52-F52-D52=1,1,IF(G52-F52-D52>=2,0,)))))))) -> 0 | K52: Bahn 10 | L52: =C52 -> 12 | M52: =D52 -> 4 | O52: =INDEX(Basis!$C$2:$BJ$19,MATCH($C52,Basis!$B$2:$B$19,0),MATCH(O$37,Basis!$C$1:$BJ$1,0)) -> 1 | Q52: =IF(P52="",0,IF(P52-M52=0,2,IF(P52-M52=-1,3,IF(P52-M52=-2,4,IF(P52-M52=-3,5,IF(P52-M52=-4,6,IF(P52-M52=1,1,IF(P52-M52>=2,0,)))))))) -> 0 | R52: =IF(P52="",0,IF(P52-O52-M52=0,2,IF(P52-O52-M52=-1,3,IF(P52-O52-M52=-2,4,IF(P52-O52-M52=-3,5,IF(P52-O52-M52=-4,6,IF(P52-O52-M52=1,1,IF(P52-O52-M52>=2,0,)))))))) -> 0 | T52: Bahn 10 | U52: =C52 -> 12 | V52: =D52 -> 4 | X52: =INDEX(Basis!$C$2:$BJ$19,MATCH($U52,Basis!$B$2:$B$19,0),MATCH(X$37,Basis!$C$1:$BJ$1,0)) -> 1 | Z52: =IF(Y52="",0,IF(Y52-V52=0,2,IF(Y52-V52=-1,3,IF(Y52-V52=-2,4,IF(Y52-V52=-3,5,IF(Y52-V52=-4,6,IF(Y52-V52=1,1,IF(Y52-V52>=2,0,)))))))) -> 0 | AA52: =IF(Y52="",0,IF(Y52-X52-V52=0,2,IF(Y52-X52-V52=-1,3,IF(Y52-X52-V52=-2,4,IF(Y52-X52-V52=-3,5,IF(Y52-X52-V52=-4,6,IF(Y52-X52-V52=1,1,IF(Y52-X52-V52>=2,0,)))))))) -> 0 | AC52: =IF(AND(G52<P52,G52<Y52),2,0) -> 0 | AD52: =IF(AND(G52<P52,G52=Y52),1,0) -> 0 | AE52: =IF(AND(G52=P52,G52<Y52),1,0) -> 0 | AF52: =IF(AND(G52=P52,G52=Y52),1,0) -> 1 | AH52: =IF(AND(P52<G52,P52<Y52),2,0) -> 0 | AI52: =IF(AND(P52=G52,P52<Y52),1,0) -> 0 | AJ52: =IF(AND(P52=Y52,P52<G52),1,0) -> 0 | AK52: =IF(AND(P52=G52,P52=Y52),1,0) -> 1 | AM52: =IF(AND(Y52<G52,Y52<P52),2,0) -> 0 | AN52: =IF(AND(Y52=G52,Y52<P52),1,0) -> 0 | AO52: =IF(AND(Y52=P52,Y52<G52),1,0) -> 0 | AP52: =IF(AND(Y52=G52,Y52=P52),1,0) -> 1
B53: Bahn 11 | C53: 10 | D53: 5 | F53: =INDEX(Basis!$C$2:$BJ$19,MATCH($C53,Basis!$B$2:$B$19,0),MATCH(F$37,Basis!$C$1:$BJ$1,0)) -> 1 | H53: =IF(G53="",0,IF(G53-D53=0,2,IF(G53-D53=-1,3,IF(G53-D53=-2,4,IF(G53-D53=-3,5,IF(G53-D53=-4,6,IF(G53-D53=1,1,IF(G53-D53>=2,0,)))))))) -> 0 | I53: =IF(G53="",0,IF(G53-F53-D53=0,2,IF(G53-F53-D53=-1,3,IF(G53-F53-D53=-2,4,IF(G53-F53-D53=-3,5,IF(G53-F53-D53=-4,6,IF(G53-F53-D53=1,1,IF(G53-F53-D53>=2,0,)))))))) -> 0 | K53: Bahn 11 | L53: =C53 -> 10 | M53: =D53 -> 5 | O53: =INDEX(Basis!$C$2:$BJ$19,MATCH($C53,Basis!$B$2:$B$19,0),MATCH(O$37,Basis!$C$1:$BJ$1,0)) -> 1 | Q53: =IF(P53="",0,IF(P53-M53=0,2,IF(P53-M53=-1,3,IF(P53-M53=-2,4,IF(P53-M53=-3,5,IF(P53-M53=-4,6,IF(P53-M53=1,1,IF(P53-M53>=2,0,)))))))) -> 0 | R53: =IF(P53="",0,IF(P53-O53-M53=0,2,IF(P53-O53-M53=-1,3,IF(P53-O53-M53=-2,4,IF(P53-O53-M53=-3,5,IF(P53-O53-M53=-4,6,IF(P53-O53-M53=1,1,IF(P53-O53-M53>=2,0,)))))))) -> 0 | T53: Bahn 11 | U53: =C53 -> 10 | V53: =D53 -> 5 | X53: =INDEX(Basis!$C$2:$BJ$19,MATCH($U53,Basis!$B$2:$B$19,0),MATCH(X$37,Basis!$C$1:$BJ$1,0)) -> 1 | Z53: =IF(Y53="",0,IF(Y53-V53=0,2,IF(Y53-V53=-1,3,IF(Y53-V53=-2,4,IF(Y53-V53=-3,5,IF(Y53-V53=-4,6,IF(Y53-V53=1,1,IF(Y53-V53>=2,0,)))))))) -> 0 | AA53: =IF(Y53="",0,IF(Y53-X53-V53=0,2,IF(Y53-X53-V53=-1,3,IF(Y53-X53-V53=-2,4,IF(Y53-X53-V53=-3,5,IF(Y53-X53-V53=-4,6,IF(Y53-X53-V53=1,1,IF(Y53-X53-V53>=2,0,)))))))) -> 0 | AC53: =IF(AND(G53<P53,G53<Y53),2,0) -> 0 | AD53: =IF(AND(G53<P53,G53=Y53),1,0) -> 0 | AE53: =IF(AND(G53=P53,G53<Y53),1,0) -> 0 | AF53: =IF(AND(G53=P53,G53=Y53),1,0) -> 1 | AH53: =IF(AND(P53<G53,P53<Y53),2,0) -> 0 | AI53: =IF(AND(P53=G53,P53<Y53),1,0) -> 0 | AJ53: =IF(AND(P53=Y53,P53<G53),1,0) -> 0 | AK53: =IF(AND(P53=G53,P53=Y53),1,0) -> 1 | AM53: =IF(AND(Y53<G53,Y53<P53),2,0) -> 0 | AN53: =IF(AND(Y53=G53,Y53<P53),1,0) -> 0 | AO53: =IF(AND(Y53=P53,Y53<G53),1,0) -> 0 | AP53: =IF(AND(Y53=G53,Y53=P53),1,0) -> 1
B54: Bahn 12 | C54: 14 | D54: 4 | F54: =INDEX(Basis!$C$2:$BJ$19,MATCH($C54,Basis!$B$2:$B$19,0),MATCH(F$37,Basis!$C$1:$BJ$1,0)) -> 1 | H54: =IF(G54="",0,IF(G54-D54=0,2,IF(G54-D54=-1,3,IF(G54-D54=-2,4,IF(G54-D54=-3,5,IF(G54-D54=-4,6,IF(G54-D54=1,1,IF(G54-D54>=2,0,)))))))) -> 0 | I54: =IF(G54="",0,IF(G54-F54-D54=0,2,IF(G54-F54-D54=-1,3,IF(G54-F54-D54=-2,4,IF(G54-F54-D54=-3,5,IF(G54-F54-D54=-4,6,IF(G54-F54-D54=1,1,IF(G54-F54-D54>=2,0,)))))))) -> 0 | K54: Bahn 12 | L54: =C54 -> 14 | M54: =D54 -> 4 | O54: =INDEX(Basis!$C$2:$BJ$19,MATCH($C54,Basis!$B$2:$B$19,0),MATCH(O$37,Basis!$C$1:$BJ$1,0)) -> 1 | Q54: =IF(P54="",0,IF(P54-M54=0,2,IF(P54-M54=-1,3,IF(P54-M54=-2,4,IF(P54-M54=-3,5,IF(P54-M54=-4,6,IF(P54-M54=1,1,IF(P54-M54>=2,0,)))))))) -> 0 | R54: =IF(P54="",0,IF(P54-O54-M54=0,2,IF(P54-O54-M54=-1,3,IF(P54-O54-M54=-2,4,IF(P54-O54-M54=-3,5,IF(P54-O54-M54=-4,6,IF(P54-O54-M54=1,1,IF(P54-O54-M54>=2,0,)))))))) -> 0 | T54: Bahn 12 | U54: =C54 -> 14 | V54: =D54 -> 4 | X54: =INDEX(Basis!$C$2:$BJ$19,MATCH($U54,Basis!$B$2:$B$19,0),MATCH(X$37,Basis!$C$1:$BJ$1,0)) -> 1 | Z54: =IF(Y54="",0,IF(Y54-V54=0,2,IF(Y54-V54=-1,3,IF(Y54-V54=-2,4,IF(Y54-V54=-3,5,IF(Y54-V54=-4,6,IF(Y54-V54=1,1,IF(Y54-V54>=2,0,)))))))) -> 0 | AA54: =IF(Y54="",0,IF(Y54-X54-V54=0,2,IF(Y54-X54-V54=-1,3,IF(Y54-X54-V54=-2,4,IF(Y54-X54-V54=-3,5,IF(Y54-X54-V54=-4,6,IF(Y54-X54-V54=1,1,IF(Y54-X54-V54>=2,0,)))))))) -> 0 | AC54: =IF(AND(G54<P54,G54<Y54),2,0) -> 0 | AD54: =IF(AND(G54<P54,G54=Y54),1,0) -> 0 | AE54: =IF(AND(G54=P54,G54<Y54),1,0) -> 0 | AF54: =IF(AND(G54=P54,G54=Y54),1,0) -> 1 | AH54: =IF(AND(P54<G54,P54<Y54),2,0) -> 0 | AI54: =IF(AND(P54=G54,P54<Y54),1,0) -> 0 | AJ54: =IF(AND(P54=Y54,P54<G54),1,0) -> 0 | AK54: =IF(AND(P54=G54,P54=Y54),1,0) -> 1 | AM54: =IF(AND(Y54<G54,Y54<P54),2,0) -> 0 | AN54: =IF(AND(Y54=G54,Y54<P54),1,0) -> 0 | AO54: =IF(AND(Y54=P54,Y54<G54),1,0) -> 0 | AP54: =IF(AND(Y54=G54,Y54=P54),1,0) -> 1
... B60: Bahn 18 | C60: 8 | D60: 4 | F60: =INDEX(Basis!$C$2:$BJ$19,MATCH($C60,Basis!$B$2:$B$19,0),MATCH(F$37,Basis!$C$1:$BJ$1,0)) -> 1 | H60: =IF(G60="",0,IF(G60-D60=0,2,IF(G60-D60=-1,3,IF(G60-D60=-2,4,IF(G60-D60=-3,5,IF(G60-D60=-4,6,IF(G60-D60=1,1,IF(G60-D60>=2,0,)))))))) -> 0 | I60: =IF(G60="",0,IF(G60-F60-D60=0,2,IF(G60-F60-D60=-1,3,IF(G60-F60-D60=-2,4,IF(G60-F60-D60=-3,5,IF(G60-F60-D60=-4,6,IF(G60-F60-D60=1,1,IF(G60-F60-D60>=2,0,)))))))) -> 0 | K60: Bahn 18 | L60: =C60 -> 8 | M60: =D60 -> 4 | O60: =INDEX(Basis!$C$2:$BJ$19,MATCH($C60,Basis!$B$2:$B$19,0),MATCH(O$37,Basis!$C$1:$BJ$1,0)) -> 1 | Q60: =IF(P60="",0,IF(P60-M60=0,2,IF(P60-M60=-1,3,IF(P60-M60=-2,4,IF(P60-M60=-3,5,IF(P60-M60=-4,6,IF(P60-M60=1,1,IF(P60-M60>=2,0,)))))))) -> 0 | R60: =IF(P60="",0,IF(P60-O60-M60=0,2,IF(P60-O60-M60=-1,3,IF(P60-O60-M60=-2,4,IF(P60-O60-M60=-3,5,IF(P60-O60-M60=-4,6,IF(P60-O60-M60=1,1,IF(P60-O60-M60>=2,0,)))))))) -> 0 | T60: Bahn 18 | U60: =C60 -> 8 | V60: =D60 -> 4 | X60: =INDEX(Basis!$C$2:$BJ$19,MATCH($U60,Basis!$B$2:$B$19,0),MATCH(X$37,Basis!$C$1:$BJ$1,0)) -> 2 | Z60: =IF(Y60="",0,IF(Y60-V60=0,2,IF(Y60-V60=-1,3,IF(Y60-V60=-2,4,IF(Y60-V60=-3,5,IF(Y60-V60=-4,6,IF(Y60-V60=1,1,IF(Y60-V60>=2,0,)))))))) -> 0 | AA60: =IF(Y60="",0,IF(Y60-X60-V60=0,2,IF(Y60-X60-V60=-1,3,IF(Y60-X60-V60=-2,4,IF(Y60-X60-V60=-3,5,IF(Y60-X60-V60=-4,6,IF(Y60-X60-V60=1,1,IF(Y60-X60-V60>=2,0,)))))))) -> 0 | AC60: =IF(AND(G60<P60,G60<Y60),2,0) -> 0 | AD60: =IF(AND(G60<P60,G60=Y60),1,0) -> 0 | AE60: =IF(AND(G60=P60,G60<Y60),1,0) -> 0 | AF60: =IF(AND(G60=P60,G60=Y60),1,0) -> 1 | AH60: =IF(AND(P60<G60,P60<Y60),2,0) -> 0 | AI60: =IF(AND(P60=G60,P60<Y60),1,0) -> 0 | AJ60: =IF(AND(P60=Y60,P60<G60),1,0) -> 0 | AK60: =IF(AND(P60=G60,P60=Y60),1,0) -> 1 | AM60: =IF(AND(Y60<G60,Y60<P60),2,0) -> 0 | AN60: =IF(AND(Y60=G60,Y60<P60),1,0) -> 0 | AO60: =IF(AND(Y60=P60,Y60<G60),1,0) -> 0 | AP60: =IF(AND(Y60=G60,Y60=P60),1,0) -> 1
B62: In | G62: =SUM(G43:G51) -> 0 | H62: =SUM(H43:H51) -> 0 | I62: =SUM(I43:I51) -> 0 | K62: In | P62: =SUM(P43:P51) -> 0 | Q62: =SUM(Q43:Q51) -> 0 | R62: =SUM(R43:R51) -> 0 | T62: In | Y62: =SUM(Y43:Y51) -> 0 | Z62: =SUM(Z43:Z51) -> 0 | AA62: =SUM(AA43:AA51) -> 0 | AC62: =SUM(AC43:AC51) -> 0 | AD62: =SUM(AD43:AD51) -> 0 | AE62: =SUM(AE43:AE51) -> 0 | AF62: =SUM(AF43:AF51) -> 9 | AH62: =SUM(AH43:AH51) -> 0 | AI62: =SUM(AI43:AI51) -> 0 | AJ62: =SUM(AJ43:AJ51) -> 0 | AK62: =SUM(AK43:AK51) -> 9 | AM62: =SUM(AM43:AM51) -> 0 | AN62: =SUM(AN43:AN51) -> 0 | AO62: =SUM(AO43:AO51) -> 0 | AP62: =SUM(AP43:AP51) -> 9
B63: Out | G63: =SUM(G52:G60) -> 0 | H63: =SUM(H52:H60) -> 0 | I63: =SUM(I52:I60) -> 0 | K63: Out | P63: =SUM(P52:P60) -> 0 | Q63: =SUM(Q52:Q60) -> 0 | R63: =SUM(R52:R60) -> 0 | T63: Out | Y63: =SUM(Y52:Y60) -> 0 | Z63: =SUM(Z52:Z60) -> 0 | AA63: =SUM(AA52:AA60) -> 0 | AC63: =SUM(AC52:AC60) -> 0 | AD63: =SUM(AD52:AD60) -> 0 | AE63: =SUM(AE52:AE60) -> 0 | AF63: =SUM(AF52:AF60) -> 9 | AH63: =SUM(AH52:AH60) -> 0 | AI63: =SUM(AI52:AI60) -> 0 | AJ63: =SUM(AJ52:AJ60) -> 0 | AK63: =SUM(AK52:AK60) -> 9 | AM63: =SUM(AM52:AM60) -> 0 | AN63: =SUM(AN52:AN60) -> 0 | AO63: =SUM(AO52:AO60) -> 0 | AP63: =SUM(AP52:AP60) -> 9
F64: =SUM(F43:F60) -> 17 | G64: =SUM(G43:G60) -> 0 | H64: =SUM(H43:H60) -> 0 | I64: =SUM(I43:I60) -> 0 | O64: =SUM(O43:O60) -> 21 | P64: =SUM(P43:P60) -> 0 | Q64: =SUM(Q43:Q60) -> 0 | R64: =SUM(R43:R60) -> 0 | X64: =SUM(X43:X60) -> 27 | Y64: =SUM(Y43:Y60) -> 0 | Z64: =SUM(Z43:Z60) -> 0 | AA64: =SUM(AA43:AA60) -> 0 | AC64: =SUM(AC43:AC60) -> 0 | AD64: =SUM(AD43:AD60) -> 0 | AE64: =SUM(AE43:AE60) -> 0 | AF64: =SUM(AF43:AF60) -> 18 | AH64: =SUM(AH43:AH60) -> 0 | AI64: =SUM(AI43:AI60) -> 0 | AJ64: =SUM(AJ43:AJ60) -> 0 | AK64: =SUM(AK43:AK60) -> 18 | AM64: =SUM(AM43:AM60) -> 0 | AN64: =SUM(AN43:AN60) -> 0 | AO64: =SUM(AO43:AO60) -> 0 | AP64: =SUM(AP43:AP60) -> 18
AF65: =SUM(AC64:AF64) -> 18 | AK65: =SUM(AH64:AK64) -> 18 | AP65: =SUM(AM64:AP64) -> 18
B67: Stegersbach
A68: Spieler | B68: Ludwig | K68: Andreas | T68: Peter | AC68: =B68 -> Ludwig | AH68: =K68 -> Andreas | AM68: =T68 -> Peter
A69: HCP | F69: =F3 -> 17.4 | O69: =O3 -> 21.3 | X69: =X3 -> 26.3
A70: Spielvorgabe | F70: 17 | O70: 21 | X70: 27
A71: Vorgabeklasse | F71: =IF(F69<4.4,1,IF(AND(F69>=4.5,F69<=11.4),2,IF(AND(F69>=11.5,F69<=18.4),3,IF(AND(F69>=18.5,F69<=26.4),4,IF(AND(F69>=26.5,F69<=36),5,IF(F69>=36,6)))))) -> 3 | O71: =IF(O69<4.4,1,IF(AND(O69>=4.5,O69<=11.4),2,IF(AND(O69>=11.5,O69<=18.4),3,IF(AND(O69>=18.5,O69<=26.4),4,IF(AND(O69>=26.5,O69<=36),5,IF(O69>=36,6)))))) -> 4 | X71: =IF(X69<4.4,1,IF(AND(X69>=4.5,X69<=11.4),2,IF(AND(X69>=11.5,X69<=18.4),3,IF(AND(X69>=18.5,X69<=26.4),4,IF(AND(X69>=26.5,X69<=36),5,IF(X69>=36,6)))))) -> 4
A72: Pufferzone | F72: =VLOOKUP(F71,HCP!$A$6:$C$11,3,FALSE) -> 33 | O72: =VLOOKUP(O71,HCP!$A$6:$C$11,3,FALSE) -> 32 | X72: =VLOOKUP(X71,HCP!$A$6:$C$11,3,FALSE) -> 32
F73: =IF(I97>36,"Herabsetzung",IF(AND(I97<=36,I97>=F72),"Puffer","Heraufsetzung")) -> Heraufsetzung | O73: =IF(R97>36,"Herabsetzung",IF(AND(R97<=36,R97>=O72),"Puffer","Heraufsetzung")) -> Heraufsetzung | X73: =IF(AA97>36,"Herabsetzung",IF(AND(AA97<=36,AA97>=X72),"Puffer","Heraufsetzung")) -> Heraufsetzung
A74: Neues HCP | F74: =IF(F73="Heraufsetzung",INDEX(HCP!$C$395:$D$755,MATCH(F69,HCP!$C$394:$C$755,0),MATCH($A$8,HCP!$D$394,0)),IF(F73="Puffer",F69,IF(F73="Herabsetzung",INDEX(HCP!$C$29:$AK$389,MATCH(F69,HCP!$C$29:$C$389,0),MATCH(I97,HCP!$C$28:$AK$28,0))))) -> 17.5 | O74: =IF(O73="Heraufsetzung",INDEX(HCP!$C$395:$D$755,MATCH(O69,HCP!$C$394:$C$755,0),MATCH($A$8,HCP!$D$394,0)),IF(O73="Puffer",O69,IF(O73="Herabsetzung",INDEX(HCP!$C$29:$AK$389,MATCH(O69,HCP!$C$29:$C$389,0),MATCH(R97,HCP!$C$28:$AK$28,0))))) -> 21.4 | X74: =IF(X73="Heraufsetzung",INDEX(HCP!$C$395:$D$755,MATCH(X69,HCP!$C$394:$C$755,0),MATCH($A$8,HCP!$D$394,0)),IF(X73="Puffer",X69,IF(X73="Herabsetzung",INDEX(HCP!$C$29:$AK$389,MATCH(X69,HCP!$C$29:$C$389,0),MATCH(AA97,HCP!$C$28:$AK$28,0))))) -> 26.4
C75: HCP | D75: PAR | F75: Spv | G75: Schläge | H75: Brutto | I75: Netto | L75: HCP | M75: PAR | O75: Spv | P75: Schläge | Q75: Brutto | R75: Netto | U75: HCP | V75: PAR | X75: Spv | Y75: Schläge | Z75: Brutto | AA75: Netto | AC75: Allein | AD75: Zwei | AE75: Zwei | AF75: Drei | AH75: Allein | AI75: Zwei | AJ75: Zwei | AK75: Drei | AM75: Allein | AN75: Zwei | AO75: Zwei | AP75: Drei
B76: Bahn 1 | C76: 3 | D76: 4 | F76: =INDEX(Basis!$C$2:$BJ$19,MATCH($C76,Basis!$B$2:$B$19,0),MATCH(F$70,Basis!$C$1:$BJ$1,0)) -> 1 | H76: =IF(G76="",0,IF(G76-D76=0,2,IF(G76-D76=-1,3,IF(G76-D76=-2,4,IF(G76-D76=-3,5,IF(G76-D76=-4,6,IF(G76-D76=1,1,IF(G76-D76>=2,0,)))))))) -> 0 | I76: =IF(G76="",0,IF(G76-F76-D76=0,2,IF(G76-F76-D76=-1,3,IF(G76-F76-D76=-2,4,IF(G76-F76-D76=-3,5,IF(G76-F76-D76=-4,6,IF(G76-F76-D76=1,1,IF(G76-F76-D76>=2,0,)))))))) -> 0 | K76: Bahn 1 | L76: =C76 -> 3 | M76: =D76 -> 4 | O76: =INDEX(Basis!$C$2:$BJ$19,MATCH($C76,Basis!$B$2:$B$19,0),MATCH(O$70,Basis!$C$1:$BJ$1,0)) -> 2 | Q76: =IF(P76="",0,IF(P76-M76=0,2,IF(P76-M76=-1,3,IF(P76-M76=-2,4,IF(P76-M76=-3,5,IF(P76-M76=-4,6,IF(P76-M76=1,1,IF(P76-M76>=2,0,)))))))) -> 0 | R76: =IF(P76="",0,IF(P76-O76-M76=0,2,IF(P76-O76-M76=-1,3,IF(P76-O76-M76=-2,4,IF(P76-O76-M76=-3,5,IF(P76-O76-M76=-4,6,IF(P76-O76-M76=1,1,IF(P76-O76-M76>=2,0,)))))))) -> 0 | T76: Bahn 1 | U76: =C76 -> 3 | V76: =D76 -> 4 | X76: =INDEX(Basis!$C$2:$BJ$19,MATCH($U76,Basis!$B$2:$B$19,0),MATCH(X$70,Basis!$C$1:$BJ$1,0)) -> 2 | Z76: =IF(Y76="",0,IF(Y76-V76=0,2,IF(Y76-V76=-1,3,IF(Y76-V76=-2,4,IF(Y76-V76=-3,5,IF(Y76-V76=-4,6,IF(Y76-V76=1,1,IF(Y76-V76>=2,0,)))))))) -> 0 | AA76: =IF(Y76="",0,IF(Y76-X76-V76=0,2,IF(Y76-X76-V76=-1,3,IF(Y76-X76-V76=-2,4,IF(Y76-X76-V76=-3,5,IF(Y76-X76-V76=-4,6,IF(Y76-X76-V76=1,1,IF(Y76-X76-V76>=2,0,)))))))) -> 0 | AC76: =IF(AND(G76<P76,G76<Y76),2,0) -> 0 | AD76: =IF(AND(G76<P76,G76=Y76),1,0) -> 0 | AE76: =IF(AND(G76=P76,G76<Y76),1,0) -> 0 | AF76: =IF(AND(G76=P76,G76=Y76),1,0) -> 1 | AH76: =IF(AND(P76<G76,P76<Y76),2,0) -> 0 | AI76: =IF(AND(P76=G76,P76<Y76),1,0) -> 0 | AJ76: =IF(AND(P76=Y76,P76<G76),1,0) -> 0 | AK76: =IF(AND(P76=G76,P76=Y76),1,0) -> 1 | AM76: =IF(AND(Y76<G76,Y76<P76),2,0) -> 0 | AN76: =IF(AND(Y76=G76,Y76<P76),1,0) -> 0 | AO76: =IF(AND(Y76=P76,Y76<G76),1,0) -> 0 | AP76: =IF(AND(Y76=G76,Y76=P76),1,0) -> 1
B77: Bahn 2 | C77: 11 | D77: 4 | F77: =INDEX(Basis!$C$2:$BJ$19,MATCH($C77,Basis!$B$2:$B$19,0),MATCH(F$70,Basis!$C$1:$BJ$1,0)) -> 1 | H77: =IF(G77="",0,IF(G77-D77=0,2,IF(G77-D77=-1,3,IF(G77-D77=-2,4,IF(G77-D77=-3,5,IF(G77-D77=-4,6,IF(G77-D77=1,1,IF(G77-D77>=2,0,)))))))) -> 0 | I77: =IF(G77="",0,IF(G77-F77-D77=0,2,IF(G77-F77-D77=-1,3,IF(G77-F77-D77=-2,4,IF(G77-F77-D77=-3,5,IF(G77-F77-D77=-4,6,IF(G77-F77-D77=1,1,IF(G77-F77-D77>=2,0,)))))))) -> 0 | K77: Bahn 2 | L77: =C77 -> 11 | M77: =D77 -> 4 | O77: =INDEX(Basis!$C$2:$BJ$19,MATCH($C77,Basis!$B$2:$B$19,0),MATCH(O$70,Basis!$C$1:$BJ$1,0)) -> 1 | Q77: =IF(P77="",0,IF(P77-M77=0,2,IF(P77-M77=-1,3,IF(P77-M77=-2,4,IF(P77-M77=-3,5,IF(P77-M77=-4,6,IF(P77-M77=1,1,IF(P77-M77>=2,0,)))))))) -> 0 | R77: =IF(P77="",0,IF(P77-O77-M77=0,2,IF(P77-O77-M77=-1,3,IF(P77-O77-M77=-2,4,IF(P77-O77-M77=-3,5,IF(P77-O77-M77=-4,6,IF(P77-O77-M77=1,1,IF(P77-O77-M77>=2,0,)))))))) -> 0 | T77: Bahn 2 | U77: =C77 -> 11 | V77: =D77 -> 4 | X77: =INDEX(Basis!$C$2:$BJ$19,MATCH($U77,Basis!$B$2:$B$19,0),MATCH(X$70,Basis!$C$1:$BJ$1,0)) -> 1 | Z77: =IF(Y77="",0,IF(Y77-V77=0,2,IF(Y77-V77=-1,3,IF(Y77-V77=-2,4,IF(Y77-V77=-3,5,IF(Y77-V77=-4,6,IF(Y77-V77=1,1,IF(Y77-V77>=2,0,)))))))) -> 0 | AA77: =IF(Y77="",0,IF(Y77-X77-V77=0,2,IF(Y77-X77-V77=-1,3,IF(Y77-X77-V77=-2,4,IF(Y77-X77-V77=-3,5,IF(Y77-X77-V77=-4,6,IF(Y77-X77-V77=1,1,IF(Y77-X77-V77>=2,0,)))))))) -> 0 | AC77: =IF(AND(G77<P77,G77<Y77),2,0) -> 0 | AD77: =IF(AND(G77<P77,G77=Y77),1,0) -> 0 | AE77: =IF(AND(G77=P77,G77<Y77),1,0) -> 0 | AF77: =IF(AND(G77=P77,G77=Y77),1,0) -> 1 | AH77: =IF(AND(P77<G77,P77<Y77),2,0) -> 0 | AI77: =IF(AND(P77=G77,P77<Y77),1,0) -> 0 | AJ77: =IF(AND(P77=Y77,P77<G77),1,0) -> 0 | AK77: =IF(AND(P77=G77,P77=Y77),1,0) -> 1 | AM77: =IF(AND(Y77<G77,Y77<P77),2,0) -> 0 | AN77: =IF(AND(Y77=G77,Y77<P77),1,0) -> 0 | AO77: =IF(AND(Y77=P77,Y77<G77),1,0) -> 0 | AP77: =IF(AND(Y77=G77,Y77=P77),1,0) -> 1
B78: Bahn 3 | C78: 7 | D78: 5 | F78: =INDEX(Basis!$C$2:$BJ$19,MATCH($C78,Basis!$B$2:$B$19,0),MATCH(F$70,Basis!$C$1:$BJ$1,0)) -> 1 | H78: =IF(G78="",0,IF(G78-D78=0,2,IF(G78-D78=-1,3,IF(G78-D78=-2,4,IF(G78-D78=-3,5,IF(G78-D78=-4,6,IF(G78-D78=1,1,IF(G78-D78>=2,0,)))))))) -> 0 | I78: =IF(G78="",0,IF(G78-F78-D78=0,2,IF(G78-F78-D78=-1,3,IF(G78-F78-D78=-2,4,IF(G78-F78-D78=-3,5,IF(G78-F78-D78=-4,6,IF(G78-F78-D78=1,1,IF(G78-F78-D78>=2,0,)))))))) -> 0 | K78: Bahn 3 | L78: =C78 -> 7 | M78: =D78 -> 5 | O78: =INDEX(Basis!$C$2:$BJ$19,MATCH($C78,Basis!$B$2:$B$19,0),MATCH(O$70,Basis!$C$1:$BJ$1,0)) -> 1 | Q78: =IF(P78="",0,IF(P78-M78=0,2,IF(P78-M78=-1,3,IF(P78-M78=-2,4,IF(P78-M78=-3,5,IF(P78-M78=-4,6,IF(P78-M78=1,1,IF(P78-M78>=2,0,)))))))) -> 0 | R78: =IF(P78="",0,IF(P78-O78-M78=0,2,IF(P78-O78-M78=-1,3,IF(P78-O78-M78=-2,4,IF(P78-O78-M78=-3,5,IF(P78-O78-M78=-4,6,IF(P78-O78-M78=1,1,IF(P78-O78-M78>=2,0,)))))))) -> 0 | T78: Bahn 3 | U78: =C78 -> 7 | V78: =D78 -> 5 | X78: =INDEX(Basis!$C$2:$BJ$19,MATCH($U78,Basis!$B$2:$B$19,0),MATCH(X$70,Basis!$C$1:$BJ$1,0)) -> 2 | Z78: =IF(Y78="",0,IF(Y78-V78=0,2,IF(Y78-V78=-1,3,IF(Y78-V78=-2,4,IF(Y78-V78=-3,5,IF(Y78-V78=-4,6,IF(Y78-V78=1,1,IF(Y78-V78>=2,0,)))))))) -> 0 | AA78: =IF(Y78="",0,IF(Y78-X78-V78=0,2,IF(Y78-X78-V78=-1,3,IF(Y78-X78-V78=-2,4,IF(Y78-X78-V78=-3,5,IF(Y78-X78-V78=-4,6,IF(Y78-X78-V78=1,1,IF(Y78-X78-V78>=2,0,)))))))) -> 0 | AC78: =IF(AND(G78<P78,G78<Y78),2,0) -> 0 | AD78: =IF(AND(G78<P78,G78=Y78),1,0) -> 0 | AE78: =IF(AND(G78=P78,G78<Y78),1,0) -> 0 | AF78: =IF(AND(G78=P78,G78=Y78),1,0) -> 1 | AH78: =IF(AND(P78<G78,P78<Y78),2,0) -> 0 | AI78: =IF(AND(P78=G78,P78<Y78),1,0) -> 0 | AJ78: =IF(AND(P78=Y78,P78<G78),1,0) -> 0 | AK78: =IF(AND(P78=G78,P78=Y78),1,0) -> 1 | AM78: =IF(AND(Y78<G78,Y78<P78),2,0) -> 0 | AN78: =IF(AND(Y78=G78,Y78<P78),1,0) -> 0 | AO78: =IF(AND(Y78=P78,Y78<G78),1,0) -> 0 | AP78: =IF(AND(Y78=G78,Y78=P78),1,0) -> 1
B79: Bahn 4 | C79: 15 | D79: 3 | F79: =INDEX(Basis!$C$2:$BJ$19,MATCH($C79,Basis!$B$2:$B$19,0),MATCH(F$70,Basis!$C$1:$BJ$1,0)) -> 1 | H79: =IF(G79="",0,IF(G79-D79=0,2,IF(G79-D79=-1,3,IF(G79-D79=-2,4,IF(G79-D79=-3,5,IF(G79-D79=-4,6,IF(G79-D79=1,1,IF(G79-D79>=2,0,)))))))) -> 0 | I79: =IF(G79="",0,IF(G79-F79-D79=0,2,IF(G79-F79-D79=-1,3,IF(G79-F79-D79=-2,4,IF(G79-F79-D79=-3,5,IF(G79-F79-D79=-4,6,IF(G79-F79-D79=1,1,IF(G79-F79-D79>=2,0,)))))))) -> 0 | K79: Bahn 4 | L79: =C79 -> 15 | M79: =D79 -> 3 | O79: =INDEX(Basis!$C$2:$BJ$19,MATCH($C79,Basis!$B$2:$B$19,0),MATCH(O$70,Basis!$C$1:$BJ$1,0)) -> 1 | Q79: =IF(P79="",0,IF(P79-M79=0,2,IF(P79-M79=-1,3,IF(P79-M79=-2,4,IF(P79-M79=-3,5,IF(P79-M79=-4,6,IF(P79-M79=1,1,IF(P79-M79>=2,0,)))))))) -> 0 | R79: =IF(P79="",0,IF(P79-O79-M79=0,2,IF(P79-O79-M79=-1,3,IF(P79-O79-M79=-2,4,IF(P79-O79-M79=-3,5,IF(P79-O79-M79=-4,6,IF(P79-O79-M79=1,1,IF(P79-O79-M79>=2,0,)))))))) -> 0 | T79: Bahn 4 | U79: =C79 -> 15 | V79: =D79 -> 3 | X79: =INDEX(Basis!$C$2:$BJ$19,MATCH($U79,Basis!$B$2:$B$19,0),MATCH(X$70,Basis!$C$1:$BJ$1,0)) -> 1 | Z79: =IF(Y79="",0,IF(Y79-V79=0,2,IF(Y79-V79=-1,3,IF(Y79-V79=-2,4,IF(Y79-V79=-3,5,IF(Y79-V79=-4,6,IF(Y79-V79=1,1,IF(Y79-V79>=2,0,)))))))) -> 0 | AA79: =IF(Y79="",0,IF(Y79-X79-V79=0,2,IF(Y79-X79-V79=-1,3,IF(Y79-X79-V79=-2,4,IF(Y79-X79-V79=-3,5,IF(Y79-X79-V79=-4,6,IF(Y79-X79-V79=1,1,IF(Y79-X79-V79>=2,0,)))))))) -> 0 | AC79: =IF(AND(G79<P79,G79<Y79),2,0) -> 0 | AD79: =IF(AND(G79<P79,G79=Y79),1,0) -> 0 | AE79: =IF(AND(G79=P79,G79<Y79),1,0) -> 0 | AF79: =IF(AND(G79=P79,G79=Y79),1,0) -> 1 | AH79: =IF(AND(P79<G79,P79<Y79),2,0) -> 0 | AI79: =IF(AND(P79=G79,P79<Y79),1,0) -> 0 | AJ79: =IF(AND(P79=Y79,P79<G79),1,0) -> 0 | AK79: =IF(AND(P79=G79,P79=Y79),1,0) -> 1 | AM79: =IF(AND(Y79<G79,Y79<P79),2,0) -> 0 | AN79: =IF(AND(Y79=G79,Y79<P79),1,0) -> 0 | AO79: =IF(AND(Y79=P79,Y79<G79),1,0) -> 0 | AP79: =IF(AND(Y79=G79,Y79=P79),1,0) -> 1
B80: Bahn 5 | C80: 5 | D80: 4 | F80: =INDEX(Basis!$C$2:$BJ$19,MATCH($C80,Basis!$B$2:$B$19,0),MATCH(F$70,Basis!$C$1:$BJ$1,0)) -> 1 | H80: =IF(G80="",0,IF(G80-D80=0,2,IF(G80-D80=-1,3,IF(G80-D80=-2,4,IF(G80-D80=-3,5,IF(G80-D80=-4,6,IF(G80-D80=1,1,IF(G80-D80>=2,0,)))))))) -> 0 | I80: =IF(G80="",0,IF(G80-F80-D80=0,2,IF(G80-F80-D80=-1,3,IF(G80-F80-D80=-2,4,IF(G80-F80-D80=-3,5,IF(G80-F80-D80=-4,6,IF(G80-F80-D80=1,1,IF(G80-F80-D80>=2,0,)))))))) -> 0 | K80: Bahn 5 | L80: =C80 -> 5 | M80: =D80 -> 4 | O80: =INDEX(Basis!$C$2:$BJ$19,MATCH($C80,Basis!$B$2:$B$19,0),MATCH(O$70,Basis!$C$1:$BJ$1,0)) -> 1 | Q80: =IF(P80="",0,IF(P80-M80=0,2,IF(P80-M80=-1,3,IF(P80-M80=-2,4,IF(P80-M80=-3,5,IF(P80-M80=-4,6,IF(P80-M80=1,1,IF(P80-M80>=2,0,)))))))) -> 0 | R80: =IF(P80="",0,IF(P80-O80-M80=0,2,IF(P80-O80-M80=-1,3,IF(P80-O80-M80=-2,4,IF(P80-O80-M80=-3,5,IF(P80-O80-M80=-4,6,IF(P80-O80-M80=1,1,IF(P80-O80-M80>=2,0,)))))))) -> 0 | T80: Bahn 5 | U80: =C80 -> 5 | V80: =D80 -> 4 | X80: =INDEX(Basis!$C$2:$BJ$19,MATCH($U80,Basis!$B$2:$B$19,0),MATCH(X$70,Basis!$C$1:$BJ$1,0)) -> 2 | Z80: =IF(Y80="",0,IF(Y80-V80=0,2,IF(Y80-V80=-1,3,IF(Y80-V80=-2,4,IF(Y80-V80=-3,5,IF(Y80-V80=-4,6,IF(Y80-V80=1,1,IF(Y80-V80>=2,0,)))))))) -> 0 | AA80: =IF(Y80="",0,IF(Y80-X80-V80=0,2,IF(Y80-X80-V80=-1,3,IF(Y80-X80-V80=-2,4,IF(Y80-X80-V80=-3,5,IF(Y80-X80-V80=-4,6,IF(Y80-X80-V80=1,1,IF(Y80-X80-V80>=2,0,)))))))) -> 0 | AC80: =IF(AND(G80<P80,G80<Y80),2,0) -> 0 | AD80: =IF(AND(G80<P80,G80=Y80),1,0) -> 0 | AE80: =IF(AND(G80=P80,G80<Y80),1,0) -> 0 | AF80: =IF(AND(G80=P80,G80=Y80),1,0) -> 1 | AH80: =IF(AND(P80<G80,P80<Y80),2,0) -> 0 | AI80: =IF(AND(P80=G80,P80<Y80),1,0) -> 0 | AJ80: =IF(AND(P80=Y80,P80<G80),1,0) -> 0 | AK80: =IF(AND(P80=G80,P80=Y80),1,0) -> 1 | AM80: =IF(AND(Y80<G80,Y80<P80),2,0) -> 0 | AN80: =IF(AND(Y80=G80,Y80<P80),1,0) -> 0 | AO80: =IF(AND(Y80=P80,Y80<G80),1,0) -> 0 | AP80: =IF(AND(Y80=G80,Y80=P80),1,0) -> 1
B81: Bahn 6 | C81: 17 | D81: 4 | F81: =INDEX(Basis!$C$2:$BJ$19,MATCH($C81,Basis!$B$2:$B$19,0),MATCH(F$70,Basis!$C$1:$BJ$1,0)) -> 1 | H81: =IF(G81="",0,IF(G81-D81=0,2,IF(G81-D81=-1,3,IF(G81-D81=-2,4,IF(G81-D81=-3,5,IF(G81-D81=-4,6,IF(G81-D81=1,1,IF(G81-D81>=2,0,)))))))) -> 0 | I81: =IF(G81="",0,IF(G81-F81-D81=0,2,IF(G81-F81-D81=-1,3,IF(G81-F81-D81=-2,4,IF(G81-F81-D81=-3,5,IF(G81-F81-D81=-4,6,IF(G81-F81-D81=1,1,IF(G81-F81-D81>=2,0,)))))))) -> 0 | K81: Bahn 6 | L81: =C81 -> 17 | M81: =D81 -> 4 | O81: =INDEX(Basis!$C$2:$BJ$19,MATCH($C81,Basis!$B$2:$B$19,0),MATCH(O$70,Basis!$C$1:$BJ$1,0)) -> 1 | Q81: =IF(P81="",0,IF(P81-M81=0,2,IF(P81-M81=-1,3,IF(P81-M81=-2,4,IF(P81-M81=-3,5,IF(P81-M81=-4,6,IF(P81-M81=1,1,IF(P81-M81>=2,0,)))))))) -> 0 | R81: =IF(P81="",0,IF(P81-O81-M81=0,2,IF(P81-O81-M81=-1,3,IF(P81-O81-M81=-2,4,IF(P81-O81-M81=-3,5,IF(P81-O81-M81=-4,6,IF(P81-O81-M81=1,1,IF(P81-O81-M81>=2,0,)))))))) -> 0 | T81: Bahn 6 | U81: =C81 -> 17 | V81: =D81 -> 4 | X81: =INDEX(Basis!$C$2:$BJ$19,MATCH($U81,Basis!$B$2:$B$19,0),MATCH(X$70,Basis!$C$1:$BJ$1,0)) -> 1 | Z81: =IF(Y81="",0,IF(Y81-V81=0,2,IF(Y81-V81=-1,3,IF(Y81-V81=-2,4,IF(Y81-V81=-3,5,IF(Y81-V81=-4,6,IF(Y81-V81=1,1,IF(Y81-V81>=2,0,)))))))) -> 0 | AA81: =IF(Y81="",0,IF(Y81-X81-V81=0,2,IF(Y81-X81-V81=-1,3,IF(Y81-X81-V81=-2,4,IF(Y81-X81-V81=-3,5,IF(Y81-X81-V81=-4,6,IF(Y81-X81-V81=1,1,IF(Y81-X81-V81>=2,0,)))))))) -> 0 | AC81: =IF(AND(G81<P81,G81<Y81),2,0) -> 0 | AD81: =IF(AND(G81<P81,G81=Y81),1,0) -> 0 | AE81: =IF(AND(G81=P81,G81<Y81),1,0) -> 0 | AF81: =IF(AND(G81=P81,G81=Y81),1,0) -> 1 | AH81: =IF(AND(P81<G81,P81<Y81),2,0) -> 0 | AI81: =IF(AND(P81=G81,P81<Y81),1,0) -> 0 | AJ81: =IF(AND(P81=Y81,P81<G81),1,0) -> 0 | AK81: =IF(AND(P81=G81,P81=Y81),1,0) -> 1 | AM81: =IF(AND(Y81<G81,Y81<P81),2,0) -> 0 | AN81: =IF(AND(Y81=G81,Y81<P81),1,0) -> 0 | AO81: =IF(AND(Y81=P81,Y81<G81),1,0) -> 0 | AP81: =IF(AND(Y81=G81,Y81=P81),1,0) -> 1
B82: Bahn 7 | C82: 9 | D82: 4 | F82: =INDEX(Basis!$C$2:$BJ$19,MATCH($C82,Basis!$B$2:$B$19,0),MATCH(F$70,Basis!$C$1:$BJ$1,0)) -> 1 | H82: =IF(G82="",0,IF(G82-D82=0,2,IF(G82-D82=-1,3,IF(G82-D82=-2,4,IF(G82-D82=-3,5,IF(G82-D82=-4,6,IF(G82-D82=1,1,IF(G82-D82>=2,0,)))))))) -> 0 | I82: =IF(G82="",0,IF(G82-F82-D82=0,2,IF(G82-F82-D82=-1,3,IF(G82-F82-D82=-2,4,IF(G82-F82-D82=-3,5,IF(G82-F82-D82=-4,6,IF(G82-F82-D82=1,1,IF(G82-F82-D82>=2,0,)))))))) -> 0 | K82: Bahn 7 | L82: =C82 -> 9 | M82: =D82 -> 4 | O82: =INDEX(Basis!$C$2:$BJ$19,MATCH($C82,Basis!$B$2:$B$19,0),MATCH(O$70,Basis!$C$1:$BJ$1,0)) -> 1 | Q82: =IF(P82="",0,IF(P82-M82=0,2,IF(P82-M82=-1,3,IF(P82-M82=-2,4,IF(P82-M82=-3,5,IF(P82-M82=-4,6,IF(P82-M82=1,1,IF(P82-M82>=2,0,)))))))) -> 0 | R82: =IF(P82="",0,IF(P82-O82-M82=0,2,IF(P82-O82-M82=-1,3,IF(P82-O82-M82=-2,4,IF(P82-O82-M82=-3,5,IF(P82-O82-M82=-4,6,IF(P82-O82-M82=1,1,IF(P82-O82-M82>=2,0,)))))))) -> 0 | T82: Bahn 7 | U82: =C82 -> 9 | V82: =D82 -> 4 | X82: =INDEX(Basis!$C$2:$BJ$19,MATCH($U82,Basis!$B$2:$B$19,0),MATCH(X$70,Basis!$C$1:$BJ$1,0)) -> 2 | Z82: =IF(Y82="",0,IF(Y82-V82=0,2,IF(Y82-V82=-1,3,IF(Y82-V82=-2,4,IF(Y82-V82=-3,5,IF(Y82-V82=-4,6,IF(Y82-V82=1,1,IF(Y82-V82>=2,0,)))))))) -> 0 | AA82: =IF(Y82="",0,IF(Y82-X82-V82=0,2,IF(Y82-X82-V82=-1,3,IF(Y82-X82-V82=-2,4,IF(Y82-X82-V82=-3,5,IF(Y82-X82-V82=-4,6,IF(Y82-X82-V82=1,1,IF(Y82-X82-V82>=2,0,)))))))) -> 0 | AC82: =IF(AND(G82<P82,G82<Y82),2,0) -> 0 | AD82: =IF(AND(G82<P82,G82=Y82),1,0) -> 0 | AE82: =IF(AND(G82=P82,G82<Y82),1,0) -> 0 | AF82: =IF(AND(G82=P82,G82=Y82),1,0) -> 1 | AH82: =IF(AND(P82<G82,P82<Y82),2,0) -> 0 | AI82: =IF(AND(P82=G82,P82<Y82),1,0) -> 0 | AJ82: =IF(AND(P82=Y82,P82<G82),1,0) -> 0 | AK82: =IF(AND(P82=G82,P82=Y82),1,0) -> 1 | AM82: =IF(AND(Y82<G82,Y82<P82),2,0) -> 0 | AN82: =IF(AND(Y82=G82,Y82<P82),1,0) -> 0 | AO82: =IF(AND(Y82=P82,Y82<G82),1,0) -> 0 | AP82: =IF(AND(Y82=G82,Y82=P82),1,0) -> 1
B83: Bahn 8 | C83: 1 | D83: 5 | F83: =INDEX(Basis!$C$2:$BJ$19,MATCH($C83,Basis!$B$2:$B$19,0),MATCH(F$70,Basis!$C$1:$BJ$1,0)) -> 1 | H83: =IF(G83="",0,IF(G83-D83=0,2,IF(G83-D83=-1,3,IF(G83-D83=-2,4,IF(G83-D83=-3,5,IF(G83-D83=-4,6,IF(G83-D83=1,1,IF(G83-D83>=2,0,)))))))) -> 0 | I83: =IF(G83="",0,IF(G83-F83-D83=0,2,IF(G83-F83-D83=-1,3,IF(G83-F83-D83=-2,4,IF(G83-F83-D83=-3,5,IF(G83-F83-D83=-4,6,IF(G83-F83-D83=1,1,IF(G83-F83-D83>=2,0,)))))))) -> 0 | K83: Bahn 8 | L83: =C83 -> 1 | M83: =D83 -> 5 | O83: =INDEX(Basis!$C$2:$BJ$19,MATCH($C83,Basis!$B$2:$B$19,0),MATCH(O$70,Basis!$C$1:$BJ$1,0)) -> 2 | Q83: =IF(P83="",0,IF(P83-M83=0,2,IF(P83-M83=-1,3,IF(P83-M83=-2,4,IF(P83-M83=-3,5,IF(P83-M83=-4,6,IF(P83-M83=1,1,IF(P83-M83>=2,0,)))))))) -> 0 | R83: =IF(P83="",0,IF(P83-O83-M83=0,2,IF(P83-O83-M83=-1,3,IF(P83-O83-M83=-2,4,IF(P83-O83-M83=-3,5,IF(P83-O83-M83=-4,6,IF(P83-O83-M83=1,1,IF(P83-O83-M83>=2,0,)))))))) -> 0 | T83: Bahn 8 | U83: =C83 -> 1 | V83: =D83 -> 5 | X83: =INDEX(Basis!$C$2:$BJ$19,MATCH($U83,Basis!$B$2:$B$19,0),MATCH(X$70,Basis!$C$1:$BJ$1,0)) -> 2 | Z83: =IF(Y83="",0,IF(Y83-V83=0,2,IF(Y83-V83=-1,3,IF(Y83-V83=-2,4,IF(Y83-V83=-3,5,IF(Y83-V83=-4,6,IF(Y83-V83=1,1,IF(Y83-V83>=2,0,)))))))) -> 0 | AA83: =IF(Y83="",0,IF(Y83-X83-V83=0,2,IF(Y83-X83-V83=-1,3,IF(Y83-X83-V83=-2,4,IF(Y83-X83-V83=-3,5,IF(Y83-X83-V83=-4,6,IF(Y83-X83-V83=1,1,IF(Y83-X83-V83>=2,0,)))))))) -> 0 | AC83: =IF(AND(G83<P83,G83<Y83),2,0) -> 0 | AD83: =IF(AND(G83<P83,G83=Y83),1,0) -> 0 | AE83: =IF(AND(G83=P83,G83<Y83),1,0) -> 0 | AF83: =IF(AND(G83=P83,G83=Y83),1,0) -> 1 | AH83: =IF(AND(P83<G83,P83<Y83),2,0) -> 0 | AI83: =IF(AND(P83=G83,P83<Y83),1,0) -> 0 | AJ83: =IF(AND(P83=Y83,P83<G83),1,0) -> 0 | AK83: =IF(AND(P83=G83,P83=Y83),1,0) -> 1 | AM83: =IF(AND(Y83<G83,Y83<P83),2,0) -> 0 | AN83: =IF(AND(Y83=G83,Y83<P83),1,0) -> 0 | AO83: =IF(AND(Y83=P83,Y83<G83),1,0) -> 0 | AP83: =IF(AND(Y83=G83,Y83=P83),1,0) -> 1
B84: Bahn 9 | C84: 13 | D84: 3 | F84: =INDEX(Basis!$C$2:$BJ$19,MATCH($C84,Basis!$B$2:$B$19,0),MATCH(F$70,Basis!$C$1:$BJ$1,0)) -> 1 | H84: =IF(G84="",0,IF(G84-D84=0,2,IF(G84-D84=-1,3,IF(G84-D84=-2,4,IF(G84-D84=-3,5,IF(G84-D84=-4,6,IF(G84-D84=1,1,IF(G84-D84>=2,0,)))))))) -> 0 | I84: =IF(G84="",0,IF(G84-F84-D84=0,2,IF(G84-F84-D84=-1,3,IF(G84-F84-D84=-2,4,IF(G84-F84-D84=-3,5,IF(G84-F84-D84=-4,6,IF(G84-F84-D84=1,1,IF(G84-F84-D84>=2,0,)))))))) -> 0 | K84: Bahn 9 | L84: =C84 -> 13 | M84: =D84 -> 3 | O84: =INDEX(Basis!$C$2:$BJ$19,MATCH($C84,Basis!$B$2:$B$19,0),MATCH(O$70,Basis!$C$1:$BJ$1,0)) -> 1 | Q84: =IF(P84="",0,IF(P84-M84=0,2,IF(P84-M84=-1,3,IF(P84-M84=-2,4,IF(P84-M84=-3,5,IF(P84-M84=-4,6,IF(P84-M84=1,1,IF(P84-M84>=2,0,)))))))) -> 0 | R84: =IF(P84="",0,IF(P84-O84-M84=0,2,IF(P84-O84-M84=-1,3,IF(P84-O84-M84=-2,4,IF(P84-O84-M84=-3,5,IF(P84-O84-M84=-4,6,IF(P84-O84-M84=1,1,IF(P84-O84-M84>=2,0,)))))))) -> 0 | T84: Bahn 9 | U84: =C84 -> 13 | V84: =D84 -> 3 | X84: =INDEX(Basis!$C$2:$BJ$19,MATCH($U84,Basis!$B$2:$B$19,0),MATCH(X$70,Basis!$C$1:$BJ$1,0)) -> 1 | Z84: =IF(Y84="",0,IF(Y84-V84=0,2,IF(Y84-V84=-1,3,IF(Y84-V84=-2,4,IF(Y84-V84=-3,5,IF(Y84-V84=-4,6,IF(Y84-V84=1,1,IF(Y84-V84>=2,0,)))))))) -> 0 | AA84: =IF(Y84="",0,IF(Y84-X84-V84=0,2,IF(Y84-X84-V84=-1,3,IF(Y84-X84-V84=-2,4,IF(Y84-X84-V84=-3,5,IF(Y84-X84-V84=-4,6,IF(Y84-X84-V84=1,1,IF(Y84-X84-V84>=2,0,)))))))) -> 0 | AC84: =IF(AND(G84<P84,G84<Y84),2,0) -> 0 | AD84: =IF(AND(G84<P84,G84=Y84),1,0) -> 0 | AE84: =IF(AND(G84=P84,G84<Y84),1,0) -> 0 | AF84: =IF(AND(G84=P84,G84=Y84),1,0) -> 1 | AH84: =IF(AND(P84<G84,P84<Y84),2,0) -> 0 | AI84: =IF(AND(P84=G84,P84<Y84),1,0) -> 0 | AJ84: =IF(AND(P84=Y84,P84<G84),1,0) -> 0 | AK84: =IF(AND(P84=G84,P84=Y84),1,0) -> 1 | AM84: =IF(AND(Y84<G84,Y84<P84),2,0) -> 0 | AN84: =IF(AND(Y84=G84,Y84<P84),1,0) -> 0 | AO84: =IF(AND(Y84=P84,Y84<G84),1,0) -> 0 | AP84: =IF(AND(Y84=G84,Y84=P84),1,0) -> 1
B85: Bahn 10 | C85: 14 | D85: 4 | F85: =INDEX(Basis!$C$2:$BJ$19,MATCH($C85,Basis!$B$2:$B$19,0),MATCH(F$70,Basis!$C$1:$BJ$1,0)) -> 1 | H85: =IF(G85="",0,IF(G85-D85=0,2,IF(G85-D85=-1,3,IF(G85-D85=-2,4,IF(G85-D85=-3,5,IF(G85-D85=-4,6,IF(G85-D85=1,1,IF(G85-D85>=2,0,)))))))) -> 0 | I85: =IF(G85="",0,IF(G85-F85-D85=0,2,IF(G85-F85-D85=-1,3,IF(G85-F85-D85=-2,4,IF(G85-F85-D85=-3,5,IF(G85-F85-D85=-4,6,IF(G85-F85-D85=1,1,IF(G85-F85-D85>=2,0,)))))))) -> 0 | K85: Bahn 10 | L85: =C85 -> 14 | M85: =D85 -> 4 | O85: =INDEX(Basis!$C$2:$BJ$19,MATCH($C85,Basis!$B$2:$B$19,0),MATCH(O$70,Basis!$C$1:$BJ$1,0)) -> 1 | Q85: =IF(P85="",0,IF(P85-M85=0,2,IF(P85-M85=-1,3,IF(P85-M85=-2,4,IF(P85-M85=-3,5,IF(P85-M85=-4,6,IF(P85-M85=1,1,IF(P85-M85>=2,0,)))))))) -> 0 | R85: =IF(P85="",0,IF(P85-O85-M85=0,2,IF(P85-O85-M85=-1,3,IF(P85-O85-M85=-2,4,IF(P85-O85-M85=-3,5,IF(P85-O85-M85=-4,6,IF(P85-O85-M85=1,1,IF(P85-O85-M85>=2,0,)))))))) -> 0 | T85: Bahn 10 | U85: =C85 -> 14 | V85: =D85 -> 4 | X85: =INDEX(Basis!$C$2:$BJ$19,MATCH($U85,Basis!$B$2:$B$19,0),MATCH(X$70,Basis!$C$1:$BJ$1,0)) -> 1 | Z85: =IF(Y85="",0,IF(Y85-V85=0,2,IF(Y85-V85=-1,3,IF(Y85-V85=-2,4,IF(Y85-V85=-3,5,IF(Y85-V85=-4,6,IF(Y85-V85=1,1,IF(Y85-V85>=2,0,)))))))) -> 0 | AA85: =IF(Y85="",0,IF(Y85-X85-V85=0,2,IF(Y85-X85-V85=-1,3,IF(Y85-X85-V85=-2,4,IF(Y85-X85-V85=-3,5,IF(Y85-X85-V85=-4,6,IF(Y85-X85-V85=1,1,IF(Y85-X85-V85>=2,0,)))))))) -> 0 | AC85: =IF(AND(G85<P85,G85<Y85),2,0) -> 0 | AD85: =IF(AND(G85<P85,G85=Y85),1,0) -> 0 | AE85: =IF(AND(G85=P85,G85<Y85),1,0) -> 0 | AF85: =IF(AND(G85=P85,G85=Y85),1,0) -> 1 | AH85: =IF(AND(P85<G85,P85<Y85),2,0) -> 0 | AI85: =IF(AND(P85=G85,P85<Y85),1,0) -> 0 | AJ85: =IF(AND(P85=Y85,P85<G85),1,0) -> 0 | AK85: =IF(AND(P85=G85,P85=Y85),1,0) -> 1 | AM85: =IF(AND(Y85<G85,Y85<P85),2,0) -> 0 | AN85: =IF(AND(Y85=G85,Y85<P85),1,0) -> 0 | AO85: =IF(AND(Y85=P85,Y85<G85),1,0) -> 0 | AP85: =IF(AND(Y85=G85,Y85=P85),1,0) -> 1
B86: Bahn 11 | C86: 4 | D86: 4 | F86: =INDEX(Basis!$C$2:$BJ$19,MATCH($C86,Basis!$B$2:$B$19,0),MATCH(F$70,Basis!$C$1:$BJ$1,0)) -> 1 | H86: =IF(G86="",0,IF(G86-D86=0,2,IF(G86-D86=-1,3,IF(G86-D86=-2,4,IF(G86-D86=-3,5,IF(G86-D86=-4,6,IF(G86-D86=1,1,IF(G86-D86>=2,0,)))))))) -> 0 | I86: =IF(G86="",0,IF(G86-F86-D86=0,2,IF(G86-F86-D86=-1,3,IF(G86-F86-D86=-2,4,IF(G86-F86-D86=-3,5,IF(G86-F86-D86=-4,6,IF(G86-F86-D86=1,1,IF(G86-F86-D86>=2,0,)))))))) -> 0 | K86: Bahn 11 | L86: =C86 -> 4 | M86: =D86 -> 4 | O86: =INDEX(Basis!$C$2:$BJ$19,MATCH($C86,Basis!$B$2:$B$19,0),MATCH(O$70,Basis!$C$1:$BJ$1,0)) -> 1 | Q86: =IF(P86="",0,IF(P86-M86=0,2,IF(P86-M86=-1,3,IF(P86-M86=-2,4,IF(P86-M86=-3,5,IF(P86-M86=-4,6,IF(P86-M86=1,1,IF(P86-M86>=2,0,)))))))) -> 0 | R86: =IF(P86="",0,IF(P86-O86-M86=0,2,IF(P86-O86-M86=-1,3,IF(P86-O86-M86=-2,4,IF(P86-O86-M86=-3,5,IF(P86-O86-M86=-4,6,IF(P86-O86-M86=1,1,IF(P86-O86-M86>=2,0,)))))))) -> 0 | T86: Bahn 11 | U86: =C86 -> 4 | V86: =D86 -> 4 | X86: =INDEX(Basis!$C$2:$BJ$19,MATCH($U86,Basis!$B$2:$B$19,0),MATCH(X$70,Basis!$C$1:$BJ$1,0)) -> 2 | Z86: =IF(Y86="",0,IF(Y86-V86=0,2,IF(Y86-V86=-1,3,IF(Y86-V86=-2,4,IF(Y86-V86=-3,5,IF(Y86-V86=-4,6,IF(Y86-V86=1,1,IF(Y86-V86>=2,0,)))))))) -> 0 | AA86: =IF(Y86="",0,IF(Y86-X86-V86=0,2,IF(Y86-X86-V86=-1,3,IF(Y86-X86-V86=-2,4,IF(Y86-X86-V86=-3,5,IF(Y86-X86-V86=-4,6,IF(Y86-X86-V86=1,1,IF(Y86-X86-V86>=2,0,)))))))) -> 0 | AC86: =IF(AND(G86<P86,G86<Y86),2,0) -> 0 | AD86: =IF(AND(G86<P86,G86=Y86),1,0) -> 0 | AE86: =IF(AND(G86=P86,G86<Y86),1,0) -> 0 | AF86: =IF(AND(G86=P86,G86=Y86),1,0) -> 1 | AH86: =IF(AND(P86<G86,P86<Y86),2,0) -> 0 | AI86: =IF(AND(P86=G86,P86<Y86),1,0) -> 0 | AJ86: =IF(AND(P86=Y86,P86<G86),1,0) -> 0 | AK86: =IF(AND(P86=G86,P86=Y86),1,0) -> 1 | AM86: =IF(AND(Y86<G86,Y86<P86),2,0) -> 0 | AN86: =IF(AND(Y86=G86,Y86<P86),1,0) -> 0 | AO86: =IF(AND(Y86=P86,Y86<G86),1,0) -> 0 | AP86: =IF(AND(Y86=G86,Y86=P86),1,0) -> 1
B87: Bahn 12 | C87: 6 | D87: 5 | F87: =INDEX(Basis!$C$2:$BJ$19,MATCH($C87,Basis!$B$2:$B$19,0),MATCH(F$70,Basis!$C$1:$BJ$1,0)) -> 1 | H87: =IF(G87="",0,IF(G87-D87=0,2,IF(G87-D87=-1,3,IF(G87-D87=-2,4,IF(G87-D87=-3,5,IF(G87-D87=-4,6,IF(G87-D87=1,1,IF(G87-D87>=2,0,)))))))) -> 0 | I87: =IF(G87="",0,IF(G87-F87-D87=0,2,IF(G87-F87-D87=-1,3,IF(G87-F87-D87=-2,4,IF(G87-F87-D87=-3,5,IF(G87-F87-D87=-4,6,IF(G87-F87-D87=1,1,IF(G87-F87-D87>=2,0,)))))))) -> 0 | K87: Bahn 12 | L87: =C87 -> 6 | M87: =D87 -> 5 | O87: =INDEX(Basis!$C$2:$BJ$19,MATCH($C87,Basis!$B$2:$B$19,0),MATCH(O$70,Basis!$C$1:$BJ$1,0)) -> 1 | Q87: =IF(P87="",0,IF(P87-M87=0,2,IF(P87-M87=-1,3,IF(P87-M87=-2,4,IF(P87-M87=-3,5,IF(P87-M87=-4,6,IF(P87-M87=1,1,IF(P87-M87>=2,0,)))))))) -> 0 | R87: =IF(P87="",0,IF(P87-O87-M87=0,2,IF(P87-O87-M87=-1,3,IF(P87-O87-M87=-2,4,IF(P87-O87-M87=-3,5,IF(P87-O87-M87=-4,6,IF(P87-O87-M87=1,1,IF(P87-O87-M87>=2,0,)))))))) -> 0 | T87: Bahn 12 | U87: =C87 -> 6 | V87: =D87 -> 5 | X87: =INDEX(Basis!$C$2:$BJ$19,MATCH($U87,Basis!$B$2:$B$19,0),MATCH(X$70,Basis!$C$1:$BJ$1,0)) -> 2 | Z87: =IF(Y87="",0,IF(Y87-V87=0,2,IF(Y87-V87=-1,3,IF(Y87-V87=-2,4,IF(Y87-V87=-3,5,IF(Y87-V87=-4,6,IF(Y87-V87=1,1,IF(Y87-V87>=2,0,)))))))) -> 0 | AA87: =IF(Y87="",0,IF(Y87-X87-V87=0,2,IF(Y87-X87-V87=-1,3,IF(Y87-X87-V87=-2,4,IF(Y87-X87-V87=-3,5,IF(Y87-X87-V87=-4,6,IF(Y87-X87-V87=1,1,IF(Y87-X87-V87>=2,0,)))))))) -> 0 | AC87: =IF(AND(G87<P87,G87<Y87),2,0) -> 0 | AD87: =IF(AND(G87<P87,G87=Y87),1,0) -> 0 | AE87: =IF(AND(G87=P87,G87<Y87),1,0) -> 0 | AF87: =IF(AND(G87=P87,G87=Y87),1,0) -> 1 | AH87: =IF(AND(P87<G87,P87<Y87),2,0) -> 0 | AI87: =IF(AND(P87=G87,P87<Y87),1,0) -> 0 | AJ87: =IF(AND(P87=Y87,P87<G87),1,0) -> 0 | AK87: =IF(AND(P87=G87,P87=Y87),1,0) -> 1 | AM87: =IF(AND(Y87<G87,Y87<P87),2,0) -> 0 | AN87: =IF(AND(Y87=G87,Y87<P87),1,0) -> 0 | AO87: =IF(AND(Y87=P87,Y87<G87),1,0) -> 0 | AP87: =IF(AND(Y87=G87,Y87=P87),1,0) -> 1
... B93: Bahn 18 | C93: 18 | D93: 4 | F93: =INDEX(Basis!$C$2:$BJ$19,MATCH($C93,Basis!$B$2:$B$19,0),MATCH(F$70,Basis!$C$1:$BJ$1,0)) -> 0 | H93: =IF(G93="",0,IF(G93-D93=0,2,IF(G93-D93=-1,3,IF(G93-D93=-2,4,IF(G93-D93=-3,5,IF(G93-D93=-4,6,IF(G93-D93=1,1,IF(G93-D93>=2,0,)))))))) -> 0 | I93: =IF(G93="",0,IF(G93-F93-D93=0,2,IF(G93-F93-D93=-1,3,IF(G93-F93-D93=-2,4,IF(G93-F93-D93=-3,5,IF(G93-F93-D93=-4,6,IF(G93-F93-D93=1,1,IF(G93-F93-D93>=2,0,)))))))) -> 0 | K93: Bahn 18 | L93: =C93 -> 18 | M93: =D93 -> 4 | O93: =INDEX(Basis!$C$2:$BJ$19,MATCH($C93,Basis!$B$2:$B$19,0),MATCH(O$70,Basis!$C$1:$BJ$1,0)) -> 1 | Q93: =IF(P93="",0,IF(P93-M93=0,2,IF(P93-M93=-1,3,IF(P93-M93=-2,4,IF(P93-M93=-3,5,IF(P93-M93=-4,6,IF(P93-M93=1,1,IF(P93-M93>=2,0,)))))))) -> 0 | R93: =IF(P93="",0,IF(P93-O93-M93=0,2,IF(P93-O93-M93=-1,3,IF(P93-O93-M93=-2,4,IF(P93-O93-M93=-3,5,IF(P93-O93-M93=-4,6,IF(P93-O93-M93=1,1,IF(P93-O93-M93>=2,0,)))))))) -> 0 | T93: Bahn 18 | U93: =C93 -> 18 | V93: =D93 -> 4 | X93: =INDEX(Basis!$C$2:$BJ$19,MATCH($U93,Basis!$B$2:$B$19,0),MATCH(X$70,Basis!$C$1:$BJ$1,0)) -> 1 | Z93: =IF(Y93="",0,IF(Y93-V93=0,2,IF(Y93-V93=-1,3,IF(Y93-V93=-2,4,IF(Y93-V93=-3,5,IF(Y93-V93=-4,6,IF(Y93-V93=1,1,IF(Y93-V93>=2,0,)))))))) -> 0 | AA93: =IF(Y93="",0,IF(Y93-X93-V93=0,2,IF(Y93-X93-V93=-1,3,IF(Y93-X93-V93=-2,4,IF(Y93-X93-V93=-3,5,IF(Y93-X93-V93=-4,6,IF(Y93-X93-V93=1,1,IF(Y93-X93-V93>=2,0,)))))))) -> 0 | AC93: =IF(AND(G93<P93,G93<Y93),2,0) -> 0 | AD93: =IF(AND(G93<P93,G93=Y93),1,0) -> 0 | AE93: =IF(AND(G93=P93,G93<Y93),1,0) -> 0 | AF93: =IF(AND(G93=P93,G93=Y93),1,0) -> 1 | AH93: =IF(AND(P93<G93,P93<Y93),2,0) -> 0 | AI93: =IF(AND(P93=G93,P93<Y93),1,0) -> 0 | AJ93: =IF(AND(P93=Y93,P93<G93),1,0) -> 0 | AK93: =IF(AND(P93=G93,P93=Y93),1,0) -> 1 | AM93: =IF(AND(Y93<G93,Y93<P93),2,0) -> 0 | AN93: =IF(AND(Y93=G93,Y93<P93),1,0) -> 0 | AO93: =IF(AND(Y93=P93,Y93<G93),1,0) -> 0 | AP93: =IF(AND(Y93=G93,Y93=P93),1,0) -> 1
B95: In | G95: =SUM(G76:G84) -> 0 | H95: =SUM(H76:H84) -> 0 | I95: =SUM(I76:I84) -> 0 | K95: In | P95: =SUM(P76:P84) -> 0 | Q95: =SUM(Q76:Q84) -> 0 | R95: =SUM(R76:R84) -> 0 | T95: In | Y95: =SUM(Y76:Y84) -> 0 | Z95: =SUM(Z76:Z84) -> 0 | AA95: =SUM(AA76:AA84) -> 0 | AC95: =SUM(AC76:AC84) -> 0 | AD95: =SUM(AD76:AD84) -> 0 | AE95: =SUM(AE76:AE84) -> 0 | AF95: =SUM(AF76:AF84) -> 9 | AH95: =SUM(AH76:AH84) -> 0 | AI95: =SUM(AI76:AI84) -> 0 | AJ95: =SUM(AJ76:AJ84) -> 0 | AK95: =SUM(AK76:AK84) -> 9 | AM95: =SUM(AM76:AM84) -> 0 | AN95: =SUM(AN76:AN84) -> 0 | AO95: =SUM(AO76:AO84) -> 0 | AP95: =SUM(AP76:AP84) -> 9
B96: Out | G96: =SUM(G85:G93) -> 0 | H96: =SUM(H85:H93) -> 0 | I96: =SUM(I85:I93) -> 0 | K96: Out | P96: =SUM(P85:P93) -> 0 | Q96: =SUM(Q85:Q93) -> 0 | R96: =SUM(R85:R93) -> 0 | T96: Out | Y96: =SUM(Y85:Y93) -> 0 | Z96: =SUM(Z85:Z93) -> 0 | AA96: =SUM(AA85:AA93) -> 0 | AC96: =SUM(AC85:AC93) -> 0 | AD96: =SUM(AD85:AD93) -> 0 | AE96: =SUM(AE85:AE93) -> 0 | AF96: =SUM(AF85:AF93) -> 9 | AH96: =SUM(AH85:AH93) -> 0 | AI96: =SUM(AI85:AI93) -> 0 | AJ96: =SUM(AJ85:AJ93) -> 0 | AK96: =SUM(AK85:AK93) -> 9 | AM96: =SUM(AM85:AM93) -> 0 | AN96: =SUM(AN85:AN93) -> 0 | AO96: =SUM(AO85:AO93) -> 0 | AP96: =SUM(AP85:AP93) -> 9
F97: =SUM(F76:F93) -> 17 | G97: =SUM(G76:G93) -> 0 | H97: =SUM(H76:H93) -> 0 | I97: =SUM(I76:I93) -> 0 | O97: =SUM(O76:O93) -> 21 | P97: =SUM(P76:P93) -> 0 | Q97: =SUM(Q76:Q93) -> 0 | R97: =SUM(R76:R93) -> 0 | X97: =SUM(X76:X93) -> 27 | Y97: =SUM(Y76:Y93) -> 0 | Z97: =SUM(Z76:Z93) -> 0 | AA97: =SUM(AA76:AA93) -> 0 | AC97: =SUM(AC76:AC93) -> 0 | AD97: =SUM(AD76:AD93) -> 0 | AE97: =SUM(AE76:AE93) -> 0 | AF97: =SUM(AF76:AF93) -> 18 | AH97: =SUM(AH76:AH93) -> 0 | AI97: =SUM(AI76:AI93) -> 0 | AJ97: =SUM(AJ76:AJ93) -> 0 | AK97: =SUM(AK76:AK93) -> 18 | AM97: =SUM(AM76:AM93) -> 0 | AN97: =SUM(AN76:AN93) -> 0 | AO97: =SUM(AO76:AO93) -> 0 | AP97: =SUM(AP76:AP93) -> 18 | AQ97: =G95+G62+G29 -> 0 | AR97: =P95+P62+P29 -> 0 | AS97: =Y95+Y62+Y29 -> 0
AF98: =SUM(AC97:AF97) -> 18 | AK98: =SUM(AH97:AK97) -> 18 | AP98: =SUM(AM97:AP97) -> 18 | AQ98: =H95+H62+H29 -> 0 | AR98: =Q95+Q29+Q62 -> 0 | AS98: =Z95+Z62+Z29 -> 0
AQ99: =I95+I62+I29 -> 0 | AR99: =R95+R62+R29 -> 0 | AS99: =AA95+AA62+AA29 -> 0
B100: GC Murstetten
A101: Spieler | B101: Ludwig | K101: Andreas | T101: Peter | AC101: =B101 -> Ludwig | AH101: =K101 -> Andreas | AM101: =T101 -> Peter
A102: HCP | F102: =F3 -> 17.4 | O102: =O3 -> 21.3 | X102: =X3 -> 26.3
A103: Spielvorgabe | F103: 17 | O103: 21 | X103: 25
A104: Vorgabeklasse | F104: =IF(F102<4.4,1,IF(AND(F102>=4.5,F102<=11.4),2,IF(AND(F102>=11.5,F102<=18.4),3,IF(AND(F102>=18.5,F102<=26.4),4,IF(AND(F102>=26.5,F102<=36),5,IF(F102>=36,6)))))) -> 3 | O104: =IF(O102<4.4,1,IF(AND(O102>=4.5,O102<=11.4),2,IF(AND(O102>=11.5,O102<=18.4),3,IF(AND(O102>=18.5,O102<=26.4),4,IF(AND(O102>=26.5,O102<=36),5,IF(O102>=36,6)))))) -> 4 | X104: =IF(X102<4.4,1,IF(AND(X102>=4.5,X102<=11.4),2,IF(AND(X102>=11.5,X102<=18.4),3,IF(AND(X102>=18.5,X102<=26.4),4,IF(AND(X102>=26.5,X102<=36),5,IF(X102>=36,6)))))) -> 4
A105: Pufferzone | F105: =VLOOKUP(F104,HCP!$A$6:$C$11,3,FALSE) -> 33 | O105: =VLOOKUP(O104,HCP!$A$6:$C$11,3,FALSE) -> 32 | X105: =VLOOKUP(X104,HCP!$A$6:$C$11,3,FALSE) -> 32
F106: =IF(I130>36,"Herabsetzung",IF(AND(I130<=36,I130>=F105),"Puffer","Heraufsetzung")) -> Heraufsetzung | O106: =IF(R130>36,"Herabsetzung",IF(AND(R130<=36,R130>=O105),"Puffer","Heraufsetzung")) -> Heraufsetzung | X106: =IF(AA130>36,"Herabsetzung",IF(AND(AA130<=36,AA130>=X105),"Puffer","Heraufsetzung")) -> Heraufsetzung
A107: Neues HCP | F107: =IF(F106="Heraufsetzung",INDEX(HCP!$C$395:$D$755,MATCH(F102,HCP!$C$394:$C$755,0),MATCH($A$8,HCP!$D$394,0)),IF(F106="Puffer",F102,IF(F106="Herabsetzung",INDEX(HCP!$C$29:$AK$389,MATCH(F102,HCP!$C$29:$C$389,0),MATCH(I130,HCP!$C$28:$AK$28,0))))) -> 17.5 | O107: =IF(O106="Heraufsetzung",INDEX(HCP!$C$395:$D$755,MATCH(O102,HCP!$C$394:$C$755,0),MATCH($A$8,HCP!$D$394,0)),IF(O106="Puffer",O102,IF(O106="Herabsetzung",INDEX(HCP!$C$29:$AK$389,MATCH(O102,HCP!$C$29:$C$389,0),MATCH(R130,HCP!$C$28:$AK$28,0))))) -> 21.4 | X107: =IF(X106="Heraufsetzung",INDEX(HCP!$C$395:$D$755,MATCH(X102,HCP!$C$394:$C$755,0),MATCH($A$8,HCP!$D$394,0)),IF(X106="Puffer",X102,IF(X106="Herabsetzung",INDEX(HCP!$C$29:$AK$389,MATCH(X102,HCP!$C$29:$C$389,0),MATCH(AA130,HCP!$C$28:$AK$28,0))))) -> 26.4
C108: HCP | D108: PAR | F108: Spv | G108: Schläge | H108: Brutto | I108: Netto | L108: HCP | M108: PAR | O108: Spv | P108: Schläge | Q108: Brutto | R108: Netto | U108: HCP | V108: PAR | X108: Spv | Y108: Schläge | Z108: Brutto | AA108: Netto | AC108: Allein | AD108: Zwei | AE108: Zwei | AF108: Drei | AH108: Allein | AI108: Zwei | AJ108: Zwei | AK108: Drei | AM108: Allein | AN108: Zwei | AO108: Zwei | AP108: Drei
B109: Bahn 1 | C109: 3 | D109: 4 | F109: =INDEX(Basis!$C$2:$BJ$19,MATCH($C109,Basis!$B$2:$B$19,0),MATCH(F$103,Basis!$C$1:$BJ$1,0)) -> 1 | H109: =IF(G109="",0,IF(G109-D109=0,2,IF(G109-D109=-1,3,IF(G109-D109=-2,4,IF(G109-D109=-3,5,IF(G109-D109=-4,6,IF(G109-D109=1,1,IF(G109-D109>=2,0,)))))))) -> 0 | I109: =IF(G109="",0,IF(G109-F109-D109=0,2,IF(G109-F109-D109=-1,3,IF(G109-F109-D109=-2,4,IF(G109-F109-D109=-3,5,IF(G109-F109-D109=-4,6,IF(G109-F109-D109=1,1,IF(G109-F109-D109>=2,0,)))))))) -> 0 | K109: Bahn 1 | L109: =C109 -> 3 | M109: =D109 -> 4 | O109: =INDEX(Basis!$C$2:$BJ$19,MATCH($C109,Basis!$B$2:$B$19,0),MATCH(O$103,Basis!$C$1:$BJ$1,0)) -> 2 | Q109: =IF(P109="",0,IF(P109-M109=0,2,IF(P109-M109=-1,3,IF(P109-M109=-2,4,IF(P109-M109=-3,5,IF(P109-M109=-4,6,IF(P109-M109=1,1,IF(P109-M109>=2,0,)))))))) -> 0 | R109: =IF(P109="",0,IF(P109-O109-M109=0,2,IF(P109-O109-M109=-1,3,IF(P109-O109-M109=-2,4,IF(P109-O109-M109=-3,5,IF(P109-O109-M109=-4,6,IF(P109-O109-M109=1,1,IF(P109-O109-M109>=2,0,)))))))) -> 0 | T109: Bahn 1 | U109: =C109 -> 3 | V109: =D109 -> 4 | X109: =INDEX(Basis!$C$2:$BJ$19,MATCH($C109,Basis!$B$2:$B$19,0),MATCH(X$103,Basis!$C$1:$BJ$1,0)) -> 2 | Z109: =IF(Y109="",0,IF(Y109-V109=0,2,IF(Y109-V109=-1,3,IF(Y109-V109=-2,4,IF(Y109-V109=-3,5,IF(Y109-V109=-4,6,IF(Y109-V109=1,1,IF(Y109-V109>=2,0,)))))))) -> 0 | AA109: =IF(Y109="",0,IF(Y109-X109-V109=0,2,IF(Y109-X109-V109=-1,3,IF(Y109-X109-V109=-2,4,IF(Y109-X109-V109=-3,5,IF(Y109-X109-V109=-4,6,IF(Y109-X109-V109=1,1,IF(Y109-X109-V109>=2,0,)))))))) -> 0 | AC109: =IF(AND(G109<P109,G109<Y109),2,0) -> 0 | AD109: =IF(AND(G109<P109,G109=Y109),1,0) -> 0 | AE109: =IF(AND(G109=P109,G109<Y109),1,0) -> 0 | AF109: =IF(AND(G109=P109,G109=Y109),1,0) -> 1 | AH109: =IF(AND(P109<G109,P109<Y109),2,0) -> 0 | AI109: =IF(AND(P109=G109,P109<Y109),1,0) -> 0 | AJ109: =IF(AND(P109=Y109,P109<G109),1,0) -> 0 | AK109: =IF(AND(P109=G109,P109=Y109),1,0) -> 1 | AM109: =IF(AND(Y109<G109,Y109<P109),2,0) -> 0 | AN109: =IF(AND(Y109=G109,Y109<P109),1,0) -> 0 | AO109: =IF(AND(Y109=P109,Y109<G109),1,0) -> 0 | AP109: =IF(AND(Y109=G109,Y109=P109),1,0) -> 1
B110: Bahn 2 | C110: 11 | D110: 4 | F110: =INDEX(Basis!$C$2:$BJ$19,MATCH($C110,Basis!$B$2:$B$19,0),MATCH(F$103,Basis!$C$1:$BJ$1,0)) -> 1 | H110: =IF(G110="",0,IF(G110-D110=0,2,IF(G110-D110=-1,3,IF(G110-D110=-2,4,IF(G110-D110=-3,5,IF(G110-D110=-4,6,IF(G110-D110=1,1,IF(G110-D110>=2,0,)))))))) -> 0 | I110: =IF(G110="",0,IF(G110-F110-D110=0,2,IF(G110-F110-D110=-1,3,IF(G110-F110-D110=-2,4,IF(G110-F110-D110=-3,5,IF(G110-F110-D110=-4,6,IF(G110-F110-D110=1,1,IF(G110-F110-D110>=2,0,)))))))) -> 0 | K110: Bahn 2 | L110: =C110 -> 11 | M110: =D110 -> 4 | O110: =INDEX(Basis!$C$2:$BJ$19,MATCH($C110,Basis!$B$2:$B$19,0),MATCH(O$103,Basis!$C$1:$BJ$1,0)) -> 1 | Q110: =IF(P110="",0,IF(P110-M110=0,2,IF(P110-M110=-1,3,IF(P110-M110=-2,4,IF(P110-M110=-3,5,IF(P110-M110=-4,6,IF(P110-M110=1,1,IF(P110-M110>=2,0,)))))))) -> 0 | R110: =IF(P110="",0,IF(P110-O110-M110=0,2,IF(P110-O110-M110=-1,3,IF(P110-O110-M110=-2,4,IF(P110-O110-M110=-3,5,IF(P110-O110-M110=-4,6,IF(P110-O110-M110=1,1,IF(P110-O110-M110>=2,0,)))))))) -> 0 | T110: Bahn 2 | U110: =C110 -> 11 | V110: =D110 -> 4 | X110: =INDEX(Basis!$C$2:$BJ$19,MATCH($C110,Basis!$B$2:$B$19,0),MATCH(X$103,Basis!$C$1:$BJ$1,0)) -> 1 | Z110: =IF(Y110="",0,IF(Y110-V110=0,2,IF(Y110-V110=-1,3,IF(Y110-V110=-2,4,IF(Y110-V110=-3,5,IF(Y110-V110=-4,6,IF(Y110-V110=1,1,IF(Y110-V110>=2,0,)))))))) -> 0 | AA110: =IF(Y110="",0,IF(Y110-X110-V110=0,2,IF(Y110-X110-V110=-1,3,IF(Y110-X110-V110=-2,4,IF(Y110-X110-V110=-3,5,IF(Y110-X110-V110=-4,6,IF(Y110-X110-V110=1,1,IF(Y110-X110-V110>=2,0,)))))))) -> 0 | AC110: =IF(AND(G110<P110,G110<Y110),2,0) -> 0 | AD110: =IF(AND(G110<P110,G110=Y110),1,0) -> 0 | AE110: =IF(AND(G110=P110,G110<Y110),1,0) -> 0 | AF110: =IF(AND(G110=P110,G110=Y110),1,0) -> 1 | AH110: =IF(AND(P110<G110,P110<Y110),2,0) -> 0 | AI110: =IF(AND(P110=G110,P110<Y110),1,0) -> 0 | AJ110: =IF(AND(P110=Y110,P110<G110),1,0) -> 0 | AK110: =IF(AND(P110=G110,P110=Y110),1,0) -> 1 | AM110: =IF(AND(Y110<G110,Y110<P110),2,0) -> 0 | AN110: =IF(AND(Y110=G110,Y110<P110),1,0) -> 0 | AO110: =IF(AND(Y110=P110,Y110<G110),1,0) -> 0 | AP110: =IF(AND(Y110=G110,Y110=P110),1,0) -> 1
B111: Bahn 3 | C111: 7 | D111: 5 | F111: =INDEX(Basis!$C$2:$BJ$19,MATCH($C111,Basis!$B$2:$B$19,0),MATCH(F$103,Basis!$C$1:$BJ$1,0)) -> 1 | H111: =IF(G111="",0,IF(G111-D111=0,2,IF(G111-D111=-1,3,IF(G111-D111=-2,4,IF(G111-D111=-3,5,IF(G111-D111=-4,6,IF(G111-D111=1,1,IF(G111-D111>=2,0,)))))))) -> 0 | I111: =IF(G111="",0,IF(G111-F111-D111=0,2,IF(G111-F111-D111=-1,3,IF(G111-F111-D111=-2,4,IF(G111-F111-D111=-3,5,IF(G111-F111-D111=-4,6,IF(G111-F111-D111=1,1,IF(G111-F111-D111>=2,0,)))))))) -> 0 | K111: Bahn 3 | L111: =C111 -> 7 | M111: =D111 -> 5 | O111: =INDEX(Basis!$C$2:$BJ$19,MATCH($C111,Basis!$B$2:$B$19,0),MATCH(O$103,Basis!$C$1:$BJ$1,0)) -> 1 | Q111: =IF(P111="",0,IF(P111-M111=0,2,IF(P111-M111=-1,3,IF(P111-M111=-2,4,IF(P111-M111=-3,5,IF(P111-M111=-4,6,IF(P111-M111=1,1,IF(P111-M111>=2,0,)))))))) -> 0 | R111: =IF(P111="",0,IF(P111-O111-M111=0,2,IF(P111-O111-M111=-1,3,IF(P111-O111-M111=-2,4,IF(P111-O111-M111=-3,5,IF(P111-O111-M111=-4,6,IF(P111-O111-M111=1,1,IF(P111-O111-M111>=2,0,)))))))) -> 0 | T111: Bahn 3 | U111: =C111 -> 7 | V111: =D111 -> 5 | X111: =INDEX(Basis!$C$2:$BJ$19,MATCH($C111,Basis!$B$2:$B$19,0),MATCH(X$103,Basis!$C$1:$BJ$1,0)) -> 2 | Z111: =IF(Y111="",0,IF(Y111-V111=0,2,IF(Y111-V111=-1,3,IF(Y111-V111=-2,4,IF(Y111-V111=-3,5,IF(Y111-V111=-4,6,IF(Y111-V111=1,1,IF(Y111-V111>=2,0,)))))))) -> 0 | AA111: =IF(Y111="",0,IF(Y111-X111-V111=0,2,IF(Y111-X111-V111=-1,3,IF(Y111-X111-V111=-2,4,IF(Y111-X111-V111=-3,5,IF(Y111-X111-V111=-4,6,IF(Y111-X111-V111=1,1,IF(Y111-X111-V111>=2,0,)))))))) -> 0 | AC111: =IF(AND(G111<P111,G111<Y111),2,0) -> 0 | AD111: =IF(AND(G111<P111,G111=Y111),1,0) -> 0 | AE111: =IF(AND(G111=P111,G111<Y111),1,0) -> 0 | AF111: =IF(AND(G111=P111,G111=Y111),1,0) -> 1 | AH111: =IF(AND(P111<G111,P111<Y111),2,0) -> 0 | AI111: =IF(AND(P111=G111,P111<Y111),1,0) -> 0 | AJ111: =IF(AND(P111=Y111,P111<G111),1,0) -> 0 | AK111: =IF(AND(P111=G111,P111=Y111),1,0) -> 1 | AM111: =IF(AND(Y111<G111,Y111<P111),2,0) -> 0 | AN111: =IF(AND(Y111=G111,Y111<P111),1,0) -> 0 | AO111: =IF(AND(Y111=P111,Y111<G111),1,0) -> 0 | AP111: =IF(AND(Y111=G111,Y111=P111),1,0) -> 1
B112: Bahn 4 | C112: 15 | D112: 3 | F112: =INDEX(Basis!$C$2:$BJ$19,MATCH($C112,Basis!$B$2:$B$19,0),MATCH(F$103,Basis!$C$1:$BJ$1,0)) -> 1 | H112: =IF(G112="",0,IF(G112-D112=0,2,IF(G112-D112=-1,3,IF(G112-D112=-2,4,IF(G112-D112=-3,5,IF(G112-D112=-4,6,IF(G112-D112=1,1,IF(G112-D112>=2,0,)))))))) -> 0 | I112: =IF(G112="",0,IF(G112-F112-D112=0,2,IF(G112-F112-D112=-1,3,IF(G112-F112-D112=-2,4,IF(G112-F112-D112=-3,5,IF(G112-F112-D112=-4,6,IF(G112-F112-D112=1,1,IF(G112-F112-D112>=2,0,)))))))) -> 0 | K112: Bahn 4 | L112: =C112 -> 15 | M112: =D112 -> 3 | O112: =INDEX(Basis!$C$2:$BJ$19,MATCH($C112,Basis!$B$2:$B$19,0),MATCH(O$103,Basis!$C$1:$BJ$1,0)) -> 1 | Q112: =IF(P112="",0,IF(P112-M112=0,2,IF(P112-M112=-1,3,IF(P112-M112=-2,4,IF(P112-M112=-3,5,IF(P112-M112=-4,6,IF(P112-M112=1,1,IF(P112-M112>=2,0,)))))))) -> 0 | R112: =IF(P112="",0,IF(P112-O112-M112=0,2,IF(P112-O112-M112=-1,3,IF(P112-O112-M112=-2,4,IF(P112-O112-M112=-3,5,IF(P112-O112-M112=-4,6,IF(P112-O112-M112=1,1,IF(P112-O112-M112>=2,0,)))))))) -> 0 | T112: Bahn 4 | U112: =C112 -> 15 | V112: =D112 -> 3 | X112: =INDEX(Basis!$C$2:$BJ$19,MATCH($C112,Basis!$B$2:$B$19,0),MATCH(X$103,Basis!$C$1:$BJ$1,0)) -> 1 | Z112: =IF(Y112="",0,IF(Y112-V112=0,2,IF(Y112-V112=-1,3,IF(Y112-V112=-2,4,IF(Y112-V112=-3,5,IF(Y112-V112=-4,6,IF(Y112-V112=1,1,IF(Y112-V112>=2,0,)))))))) -> 0 | AA112: =IF(Y112="",0,IF(Y112-X112-V112=0,2,IF(Y112-X112-V112=-1,3,IF(Y112-X112-V112=-2,4,IF(Y112-X112-V112=-3,5,IF(Y112-X112-V112=-4,6,IF(Y112-X112-V112=1,1,IF(Y112-X112-V112>=2,0,)))))))) -> 0 | AC112: =IF(AND(G112<P112,G112<Y112),2,0) -> 0 | AD112: =IF(AND(G112<P112,G112=Y112),1,0) -> 0 | AE112: =IF(AND(G112=P112,G112<Y112),1,0) -> 0 | AF112: =IF(AND(G112=P112,G112=Y112),1,0) -> 1 | AH112: =IF(AND(P112<G112,P112<Y112),2,0) -> 0 | AI112: =IF(AND(P112=G112,P112<Y112),1,0) -> 0 | AJ112: =IF(AND(P112=Y112,P112<G112),1,0) -> 0 | AK112: =IF(AND(P112=G112,P112=Y112),1,0) -> 1 | AM112: =IF(AND(Y112<G112,Y112<P112),2,0) -> 0 | AN112: =IF(AND(Y112=G112,Y112<P112),1,0) -> 0 | AO112: =IF(AND(Y112=P112,Y112<G112),1,0) -> 0 | AP112: =IF(AND(Y112=G112,Y112=P112),1,0) -> 1
B113: Bahn 5 | C113: 5 | D113: 4 | F113: =INDEX(Basis!$C$2:$BJ$19,MATCH($C113,Basis!$B$2:$B$19,0),MATCH(F$103,Basis!$C$1:$BJ$1,0)) -> 1 | H113: =IF(G113="",0,IF(G113-D113=0,2,IF(G113-D113=-1,3,IF(G113-D113=-2,4,IF(G113-D113=-3,5,IF(G113-D113=-4,6,IF(G113-D113=1,1,IF(G113-D113>=2,0,)))))))) -> 0 | I113: =IF(G113="",0,IF(G113-F113-D113=0,2,IF(G113-F113-D113=-1,3,IF(G113-F113-D113=-2,4,IF(G113-F113-D113=-3,5,IF(G113-F113-D113=-4,6,IF(G113-F113-D113=1,1,IF(G113-F113-D113>=2,0,)))))))) -> 0 | K113: Bahn 5 | L113: =C113 -> 5 | M113: =D113 -> 4 | O113: =INDEX(Basis!$C$2:$BJ$19,MATCH($C113,Basis!$B$2:$B$19,0),MATCH(O$103,Basis!$C$1:$BJ$1,0)) -> 1 | Q113: =IF(P113="",0,IF(P113-M113=0,2,IF(P113-M113=-1,3,IF(P113-M113=-2,4,IF(P113-M113=-3,5,IF(P113-M113=-4,6,IF(P113-M113=1,1,IF(P113-M113>=2,0,)))))))) -> 0 | R113: =IF(P113="",0,IF(P113-O113-M113=0,2,IF(P113-O113-M113=-1,3,IF(P113-O113-M113=-2,4,IF(P113-O113-M113=-3,5,IF(P113-O113-M113=-4,6,IF(P113-O113-M113=1,1,IF(P113-O113-M113>=2,0,)))))))) -> 0 | T113: Bahn 5 | U113: =C113 -> 5 | V113: =D113 -> 4 | X113: =INDEX(Basis!$C$2:$BJ$19,MATCH($C113,Basis!$B$2:$B$19,0),MATCH(X$103,Basis!$C$1:$BJ$1,0)) -> 2 | Z113: =IF(Y113="",0,IF(Y113-V113=0,2,IF(Y113-V113=-1,3,IF(Y113-V113=-2,4,IF(Y113-V113=-3,5,IF(Y113-V113=-4,6,IF(Y113-V113=1,1,IF(Y113-V113>=2,0,)))))))) -> 0 | AA113: =IF(Y113="",0,IF(Y113-X113-V113=0,2,IF(Y113-X113-V113=-1,3,IF(Y113-X113-V113=-2,4,IF(Y113-X113-V113=-3,5,IF(Y113-X113-V113=-4,6,IF(Y113-X113-V113=1,1,IF(Y113-X113-V113>=2,0,)))))))) -> 0 | AC113: =IF(AND(G113<P113,G113<Y113),2,0) -> 0 | AD113: =IF(AND(G113<P113,G113=Y113),1,0) -> 0 | AE113: =IF(AND(G113=P113,G113<Y113),1,0) -> 0 | AF113: =IF(AND(G113=P113,G113=Y113),1,0) -> 1 | AH113: =IF(AND(P113<G113,P113<Y113),2,0) -> 0 | AI113: =IF(AND(P113=G113,P113<Y113),1,0) -> 0 | AJ113: =IF(AND(P113=Y113,P113<G113),1,0) -> 0 | AK113: =IF(AND(P113=G113,P113=Y113),1,0) -> 1 | AM113: =IF(AND(Y113<G113,Y113<P113),2,0) -> 0 | AN113: =IF(AND(Y113=G113,Y113<P113),1,0) -> 0 | AO113: =IF(AND(Y113=P113,Y113<G113),1,0) -> 0 | AP113: =IF(AND(Y113=G113,Y113=P113),1,0) -> 1
B114: Bahn 6 | C114: 17 | D114: 4 | F114: =INDEX(Basis!$C$2:$BJ$19,MATCH($C114,Basis!$B$2:$B$19,0),MATCH(F$103,Basis!$C$1:$BJ$1,0)) -> 1 | H114: =IF(G114="",0,IF(G114-D114=0,2,IF(G114-D114=-1,3,IF(G114-D114=-2,4,IF(G114-D114=-3,5,IF(G114-D114=-4,6,IF(G114-D114=1,1,IF(G114-D114>=2,0,)))))))) -> 0 | I114: =IF(G114="",0,IF(G114-F114-D114=0,2,IF(G114-F114-D114=-1,3,IF(G114-F114-D114=-2,4,IF(G114-F114-D114=-3,5,IF(G114-F114-D114=-4,6,IF(G114-F114-D114=1,1,IF(G114-F114-D114>=2,0,)))))))) -> 0 | K114: Bahn 6 | L114: =C114 -> 17 | M114: =D114 -> 4 | O114: =INDEX(Basis!$C$2:$BJ$19,MATCH($C114,Basis!$B$2:$B$19,0),MATCH(O$103,Basis!$C$1:$BJ$1,0)) -> 1 | Q114: =IF(P114="",0,IF(P114-M114=0,2,IF(P114-M114=-1,3,IF(P114-M114=-2,4,IF(P114-M114=-3,5,IF(P114-M114=-4,6,IF(P114-M114=1,1,IF(P114-M114>=2,0,)))))))) -> 0 | R114: =IF(P114="",0,IF(P114-O114-M114=0,2,IF(P114-O114-M114=-1,3,IF(P114-O114-M114=-2,4,IF(P114-O114-M114=-3,5,IF(P114-O114-M114=-4,6,IF(P114-O114-M114=1,1,IF(P114-O114-M114>=2,0,)))))))) -> 0 | T114: Bahn 6 | U114: =C114 -> 17 | V114: =D114 -> 4 | X114: =INDEX(Basis!$C$2:$BJ$19,MATCH($C114,Basis!$B$2:$B$19,0),MATCH(X$103,Basis!$C$1:$BJ$1,0)) -> 1 | Z114: =IF(Y114="",0,IF(Y114-V114=0,2,IF(Y114-V114=-1,3,IF(Y114-V114=-2,4,IF(Y114-V114=-3,5,IF(Y114-V114=-4,6,IF(Y114-V114=1,1,IF(Y114-V114>=2,0,)))))))) -> 0 | AA114: =IF(Y114="",0,IF(Y114-X114-V114=0,2,IF(Y114-X114-V114=-1,3,IF(Y114-X114-V114=-2,4,IF(Y114-X114-V114=-3,5,IF(Y114-X114-V114=-4,6,IF(Y114-X114-V114=1,1,IF(Y114-X114-V114>=2,0,)))))))) -> 0 | AC114: =IF(AND(G114<P114,G114<Y114),2,0) -> 0 | AD114: =IF(AND(G114<P114,G114=Y114),1,0) -> 0 | AE114: =IF(AND(G114=P114,G114<Y114),1,0) -> 0 | AF114: =IF(AND(G114=P114,G114=Y114),1,0) -> 1 | AH114: =IF(AND(P114<G114,P114<Y114),2,0) -> 0 | AI114: =IF(AND(P114=G114,P114<Y114),1,0) -> 0 | AJ114: =IF(AND(P114=Y114,P114<G114),1,0) -> 0 | AK114: =IF(AND(P114=G114,P114=Y114),1,0) -> 1 | AM114: =IF(AND(Y114<G114,Y114<P114),2,0) -> 0 | AN114: =IF(AND(Y114=G114,Y114<P114),1,0) -> 0 | AO114: =IF(AND(Y114=P114,Y114<G114),1,0) -> 0 | AP114: =IF(AND(Y114=G114,Y114=P114),1,0) -> 1
B115: Bahn 7 | C115: 9 | D115: 4 | F115: =INDEX(Basis!$C$2:$BJ$19,MATCH($C115,Basis!$B$2:$B$19,0),MATCH(F$103,Basis!$C$1:$BJ$1,0)) -> 1 | H115: =IF(G115="",0,IF(G115-D115=0,2,IF(G115-D115=-1,3,IF(G115-D115=-2,4,IF(G115-D115=-3,5,IF(G115-D115=-4,6,IF(G115-D115=1,1,IF(G115-D115>=2,0,)))))))) -> 0 | I115: =IF(G115="",0,IF(G115-F115-D115=0,2,IF(G115-F115-D115=-1,3,IF(G115-F115-D115=-2,4,IF(G115-F115-D115=-3,5,IF(G115-F115-D115=-4,6,IF(G115-F115-D115=1,1,IF(G115-F115-D115>=2,0,)))))))) -> 0 | K115: Bahn 7 | L115: =C115 -> 9 | M115: =D115 -> 4 | O115: =INDEX(Basis!$C$2:$BJ$19,MATCH($C115,Basis!$B$2:$B$19,0),MATCH(O$103,Basis!$C$1:$BJ$1,0)) -> 1 | Q115: =IF(P115="",0,IF(P115-M115=0,2,IF(P115-M115=-1,3,IF(P115-M115=-2,4,IF(P115-M115=-3,5,IF(P115-M115=-4,6,IF(P115-M115=1,1,IF(P115-M115>=2,0,)))))))) -> 0 | R115: =IF(P115="",0,IF(P115-O115-M115=0,2,IF(P115-O115-M115=-1,3,IF(P115-O115-M115=-2,4,IF(P115-O115-M115=-3,5,IF(P115-O115-M115=-4,6,IF(P115-O115-M115=1,1,IF(P115-O115-M115>=2,0,)))))))) -> 0 | T115: Bahn 7 | U115: =C115 -> 9 | V115: =D115 -> 4 | X115: =INDEX(Basis!$C$2:$BJ$19,MATCH($C115,Basis!$B$2:$B$19,0),MATCH(X$103,Basis!$C$1:$BJ$1,0)) -> 1 | Z115: =IF(Y115="",0,IF(Y115-V115=0,2,IF(Y115-V115=-1,3,IF(Y115-V115=-2,4,IF(Y115-V115=-3,5,IF(Y115-V115=-4,6,IF(Y115-V115=1,1,IF(Y115-V115>=2,0,)))))))) -> 0 | AA115: =IF(Y115="",0,IF(Y115-X115-V115=0,2,IF(Y115-X115-V115=-1,3,IF(Y115-X115-V115=-2,4,IF(Y115-X115-V115=-3,5,IF(Y115-X115-V115=-4,6,IF(Y115-X115-V115=1,1,IF(Y115-X115-V115>=2,0,)))))))) -> 0 | AC115: =IF(AND(G115<P115,G115<Y115),2,0) -> 0 | AD115: =IF(AND(G115<P115,G115=Y115),1,0) -> 0 | AE115: =IF(AND(G115=P115,G115<Y115),1,0) -> 0 | AF115: =IF(AND(G115=P115,G115=Y115),1,0) -> 1 | AH115: =IF(AND(P115<G115,P115<Y115),2,0) -> 0 | AI115: =IF(AND(P115=G115,P115<Y115),1,0) -> 0 | AJ115: =IF(AND(P115=Y115,P115<G115),1,0) -> 0 | AK115: =IF(AND(P115=G115,P115=Y115),1,0) -> 1 | AM115: =IF(AND(Y115<G115,Y115<P115),2,0) -> 0 | AN115: =IF(AND(Y115=G115,Y115<P115),1,0) -> 0 | AO115: =IF(AND(Y115=P115,Y115<G115),1,0) -> 0 | AP115: =IF(AND(Y115=G115,Y115=P115),1,0) -> 1
B116: Bahn 8 | C116: 1 | D116: 5 | F116: =INDEX(Basis!$C$2:$BJ$19,MATCH($C116,Basis!$B$2:$B$19,0),MATCH(F$103,Basis!$C$1:$BJ$1,0)) -> 1 | H116: =IF(G116="",0,IF(G116-D116=0,2,IF(G116-D116=-1,3,IF(G116-D116=-2,4,IF(G116-D116=-3,5,IF(G116-D116=-4,6,IF(G116-D116=1,1,IF(G116-D116>=2,0,)))))))) -> 0 | I116: =IF(G116="",0,IF(G116-F116-D116=0,2,IF(G116-F116-D116=-1,3,IF(G116-F116-D116=-2,4,IF(G116-F116-D116=-3,5,IF(G116-F116-D116=-4,6,IF(G116-F116-D116=1,1,IF(G116-F116-D116>=2,0,)))))))) -> 0 | K116: Bahn 8 | L116: =C116 -> 1 | M116: =D116 -> 5 | O116: =INDEX(Basis!$C$2:$BJ$19,MATCH($C116,Basis!$B$2:$B$19,0),MATCH(O$103,Basis!$C$1:$BJ$1,0)) -> 2 | Q116: =IF(P116="",0,IF(P116-M116=0,2,IF(P116-M116=-1,3,IF(P116-M116=-2,4,IF(P116-M116=-3,5,IF(P116-M116=-4,6,IF(P116-M116=1,1,IF(P116-M116>=2,0,)))))))) -> 0 | R116: =IF(P116="",0,IF(P116-O116-M116=0,2,IF(P116-O116-M116=-1,3,IF(P116-O116-M116=-2,4,IF(P116-O116-M116=-3,5,IF(P116-O116-M116=-4,6,IF(P116-O116-M116=1,1,IF(P116-O116-M116>=2,0,)))))))) -> 0 | T116: Bahn 8 | U116: =C116 -> 1 | V116: =D116 -> 5 | X116: =INDEX(Basis!$C$2:$BJ$19,MATCH($C116,Basis!$B$2:$B$19,0),MATCH(X$103,Basis!$C$1:$BJ$1,0)) -> 2 | Z116: =IF(Y116="",0,IF(Y116-V116=0,2,IF(Y116-V116=-1,3,IF(Y116-V116=-2,4,IF(Y116-V116=-3,5,IF(Y116-V116=-4,6,IF(Y116-V116=1,1,IF(Y116-V116>=2,0,)))))))) -> 0 | AA116: =IF(Y116="",0,IF(Y116-X116-V116=0,2,IF(Y116-X116-V116=-1,3,IF(Y116-X116-V116=-2,4,IF(Y116-X116-V116=-3,5,IF(Y116-X116-V116=-4,6,IF(Y116-X116-V116=1,1,IF(Y116-X116-V116>=2,0,)))))))) -> 0 | AC116: =IF(AND(G116<P116,G116<Y116),2,0) -> 0 | AD116: =IF(AND(G116<P116,G116=Y116),1,0) -> 0 | AE116: =IF(AND(G116=P116,G116<Y116),1,0) -> 0 | AF116: =IF(AND(G116=P116,G116=Y116),1,0) -> 1 | AH116: =IF(AND(P116<G116,P116<Y116),2,0) -> 0 | AI116: =IF(AND(P116=G116,P116<Y116),1,0) -> 0 | AJ116: =IF(AND(P116=Y116,P116<G116),1,0) -> 0 | AK116: =IF(AND(P116=G116,P116=Y116),1,0) -> 1 | AM116: =IF(AND(Y116<G116,Y116<P116),2,0) -> 0 | AN116: =IF(AND(Y116=G116,Y116<P116),1,0) -> 0 | AO116: =IF(AND(Y116=P116,Y116<G116),1,0) -> 0 | AP116: =IF(AND(Y116=G116,Y116=P116),1,0) -> 1
B117: Bahn 9 | C117: 13 | D117: 3 | F117: =INDEX(Basis!$C$2:$BJ$19,MATCH($C117,Basis!$B$2:$B$19,0),MATCH(F$103,Basis!$C$1:$BJ$1,0)) -> 1 | H117: =IF(G117="",0,IF(G117-D117=0,2,IF(G117-D117=-1,3,IF(G117-D117=-2,4,IF(G117-D117=-3,5,IF(G117-D117=-4,6,IF(G117-D117=1,1,IF(G117-D117>=2,0,)))))))) -> 0 | I117: =IF(G117="",0,IF(G117-F117-D117=0,2,IF(G117-F117-D117=-1,3,IF(G117-F117-D117=-2,4,IF(G117-F117-D117=-3,5,IF(G117-F117-D117=-4,6,IF(G117-F117-D117=1,1,IF(G117-F117-D117>=2,0,)))))))) -> 0 | K117: Bahn 9 | L117: =C117 -> 13 | M117: =D117 -> 3 | O117: =INDEX(Basis!$C$2:$BJ$19,MATCH($C117,Basis!$B$2:$B$19,0),MATCH(O$103,Basis!$C$1:$BJ$1,0)) -> 1 | Q117: =IF(P117="",0,IF(P117-M117=0,2,IF(P117-M117=-1,3,IF(P117-M117=-2,4,IF(P117-M117=-3,5,IF(P117-M117=-4,6,IF(P117-M117=1,1,IF(P117-M117>=2,0,)))))))) -> 0 | R117: =IF(P117="",0,IF(P117-O117-M117=0,2,IF(P117-O117-M117=-1,3,IF(P117-O117-M117=-2,4,IF(P117-O117-M117=-3,5,IF(P117-O117-M117=-4,6,IF(P117-O117-M117=1,1,IF(P117-O117-M117>=2,0,)))))))) -> 0 | T117: Bahn 9 | U117: =C117 -> 13 | V117: =D117 -> 3 | X117: =INDEX(Basis!$C$2:$BJ$19,MATCH($C117,Basis!$B$2:$B$19,0),MATCH(X$103,Basis!$C$1:$BJ$1,0)) -> 1 | Z117: =IF(Y117="",0,IF(Y117-V117=0,2,IF(Y117-V117=-1,3,IF(Y117-V117=-2,4,IF(Y117-V117=-3,5,IF(Y117-V117=-4,6,IF(Y117-V117=1,1,IF(Y117-V117>=2,0,)))))))) -> 0 | AA117: =IF(Y117="",0,IF(Y117-X117-V117=0,2,IF(Y117-X117-V117=-1,3,IF(Y117-X117-V117=-2,4,IF(Y117-X117-V117=-3,5,IF(Y117-X117-V117=-4,6,IF(Y117-X117-V117=1,1,IF(Y117-X117-V117>=2,0,)))))))) -> 0 | AC117: =IF(AND(G117<P117,G117<Y117),2,0) -> 0 | AD117: =IF(AND(G117<P117,G117=Y117),1,0) -> 0 | AE117: =IF(AND(G117=P117,G117<Y117),1,0) -> 0 | AF117: =IF(AND(G117=P117,G117=Y117),1,0) -> 1 | AH117: =IF(AND(P117<G117,P117<Y117),2,0) -> 0 | AI117: =IF(AND(P117=G117,P117<Y117),1,0) -> 0 | AJ117: =IF(AND(P117=Y117,P117<G117),1,0) -> 0 | AK117: =IF(AND(P117=G117,P117=Y117),1,0) -> 1 | AM117: =IF(AND(Y117<G117,Y117<P117),2,0) -> 0 | AN117: =IF(AND(Y117=G117,Y117<P117),1,0) -> 0 | AO117: =IF(AND(Y117=P117,Y117<G117),1,0) -> 0 | AP117: =IF(AND(Y117=G117,Y117=P117),1,0) -> 1
B118: Bahn 10 | C118: 14 | D118: 4 | F118: =INDEX(Basis!$C$2:$BJ$19,MATCH($C118,Basis!$B$2:$B$19,0),MATCH(F$103,Basis!$C$1:$BJ$1,0)) -> 1 | H118: =IF(G118="",0,IF(G118-D118=0,2,IF(G118-D118=-1,3,IF(G118-D118=-2,4,IF(G118-D118=-3,5,IF(G118-D118=-4,6,IF(G118-D118=1,1,IF(G118-D118>=2,0,)))))))) -> 0 | I118: =IF(G118="",0,IF(G118-F118-D118=0,2,IF(G118-F118-D118=-1,3,IF(G118-F118-D118=-2,4,IF(G118-F118-D118=-3,5,IF(G118-F118-D118=-4,6,IF(G118-F118-D118=1,1,IF(G118-F118-D118>=2,0,)))))))) -> 0 | K118: Bahn 10 | L118: =C118 -> 14 | M118: =D118 -> 4 | O118: =INDEX(Basis!$C$2:$BJ$19,MATCH($C118,Basis!$B$2:$B$19,0),MATCH(O$103,Basis!$C$1:$BJ$1,0)) -> 1 | Q118: =IF(P118="",0,IF(P118-M118=0,2,IF(P118-M118=-1,3,IF(P118-M118=-2,4,IF(P118-M118=-3,5,IF(P118-M118=-4,6,IF(P118-M118=1,1,IF(P118-M118>=2,0,)))))))) -> 0 | R118: =IF(P118="",0,IF(P118-O118-M118=0,2,IF(P118-O118-M118=-1,3,IF(P118-O118-M118=-2,4,IF(P118-O118-M118=-3,5,IF(P118-O118-M118=-4,6,IF(P118-O118-M118=1,1,IF(P118-O118-M118>=2,0,)))))))) -> 0 | T118: Bahn 10 | U118: =C118 -> 14 | V118: =D118 -> 4 | X118: =INDEX(Basis!$C$2:$BJ$19,MATCH($C118,Basis!$B$2:$B$19,0),MATCH(X$103,Basis!$C$1:$BJ$1,0)) -> 1 | Z118: =IF(Y118="",0,IF(Y118-V118=0,2,IF(Y118-V118=-1,3,IF(Y118-V118=-2,4,IF(Y118-V118=-3,5,IF(Y118-V118=-4,6,IF(Y118-V118=1,1,IF(Y118-V118>=2,0,)))))))) -> 0 | AA118: =IF(Y118="",0,IF(Y118-X118-V118=0,2,IF(Y118-X118-V118=-1,3,IF(Y118-X118-V118=-2,4,IF(Y118-X118-V118=-3,5,IF(Y118-X118-V118=-4,6,IF(Y118-X118-V118=1,1,IF(Y118-X118-V118>=2,0,)))))))) -> 0 | AC118: =IF(AND(G118<P118,G118<Y118),2,0) -> 0 | AD118: =IF(AND(G118<P118,G118=Y118),1,0) -> 0 | AE118: =IF(AND(G118=P118,G118<Y118),1,0) -> 0 | AF118: =IF(AND(G118=P118,G118=Y118),1,0) -> 1 | AH118: =IF(AND(P118<G118,P118<Y118),2,0) -> 0 | AI118: =IF(AND(P118=G118,P118<Y118),1,0) -> 0 | AJ118: =IF(AND(P118=Y118,P118<G118),1,0) -> 0 | AK118: =IF(AND(P118=G118,P118=Y118),1,0) -> 1 | AM118: =IF(AND(Y118<G118,Y118<P118),2,0) -> 0 | AN118: =IF(AND(Y118=G118,Y118<P118),1,0) -> 0 | AO118: =IF(AND(Y118=P118,Y118<G118),1,0) -> 0 | AP118: =IF(AND(Y118=G118,Y118=P118),1,0) -> 1
B119: Bahn 11 | C119: 4 | D119: 4 | F119: =INDEX(Basis!$C$2:$BJ$19,MATCH($C119,Basis!$B$2:$B$19,0),MATCH(F$103,Basis!$C$1:$BJ$1,0)) -> 1 | H119: =IF(G119="",0,IF(G119-D119=0,2,IF(G119-D119=-1,3,IF(G119-D119=-2,4,IF(G119-D119=-3,5,IF(G119-D119=-4,6,IF(G119-D119=1,1,IF(G119-D119>=2,0,)))))))) -> 0 | I119: =IF(G119="",0,IF(G119-F119-D119=0,2,IF(G119-F119-D119=-1,3,IF(G119-F119-D119=-2,4,IF(G119-F119-D119=-3,5,IF(G119-F119-D119=-4,6,IF(G119-F119-D119=1,1,IF(G119-F119-D119>=2,0,)))))))) -> 0 | K119: Bahn 11 | L119: =C119 -> 4 | M119: =D119 -> 4 | O119: =INDEX(Basis!$C$2:$BJ$19,MATCH($C119,Basis!$B$2:$B$19,0),MATCH(O$103,Basis!$C$1:$BJ$1,0)) -> 1 | Q119: =IF(P119="",0,IF(P119-M119=0,2,IF(P119-M119=-1,3,IF(P119-M119=-2,4,IF(P119-M119=-3,5,IF(P119-M119=-4,6,IF(P119-M119=1,1,IF(P119-M119>=2,0,)))))))) -> 0 | R119: =IF(P119="",0,IF(P119-O119-M119=0,2,IF(P119-O119-M119=-1,3,IF(P119-O119-M119=-2,4,IF(P119-O119-M119=-3,5,IF(P119-O119-M119=-4,6,IF(P119-O119-M119=1,1,IF(P119-O119-M119>=2,0,)))))))) -> 0 | T119: Bahn 11 | U119: =C119 -> 4 | V119: =D119 -> 4 | X119: =INDEX(Basis!$C$2:$BJ$19,MATCH($C119,Basis!$B$2:$B$19,0),MATCH(X$103,Basis!$C$1:$BJ$1,0)) -> 2 | Z119: =IF(Y119="",0,IF(Y119-V119=0,2,IF(Y119-V119=-1,3,IF(Y119-V119=-2,4,IF(Y119-V119=-3,5,IF(Y119-V119=-4,6,IF(Y119-V119=1,1,IF(Y119-V119>=2,0,)))))))) -> 0 | AA119: =IF(Y119="",0,IF(Y119-X119-V119=0,2,IF(Y119-X119-V119=-1,3,IF(Y119-X119-V119=-2,4,IF(Y119-X119-V119=-3,5,IF(Y119-X119-V119=-4,6,IF(Y119-X119-V119=1,1,IF(Y119-X119-V119>=2,0,)))))))) -> 0 | AC119: =IF(AND(G119<P119,G119<Y119),2,0) -> 0 | AD119: =IF(AND(G119<P119,G119=Y119),1,0) -> 0 | AE119: =IF(AND(G119=P119,G119<Y119),1,0) -> 0 | AF119: =IF(AND(G119=P119,G119=Y119),1,0) -> 1 | AH119: =IF(AND(P119<G119,P119<Y119),2,0) -> 0 | AI119: =IF(AND(P119=G119,P119<Y119),1,0) -> 0 | AJ119: =IF(AND(P119=Y119,P119<G119),1,0) -> 0 | AK119: =IF(AND(P119=G119,P119=Y119),1,0) -> 1 | AM119: =IF(AND(Y119<G119,Y119<P119),2,0) -> 0 | AN119: =IF(AND(Y119=G119,Y119<P119),1,0) -> 0 | AO119: =IF(AND(Y119=P119,Y119<G119),1,0) -> 0 | AP119: =IF(AND(Y119=G119,Y119=P119),1,0) -> 1
B120: Bahn 12 | C120: 6 | D120: 5 | F120: =INDEX(Basis!$C$2:$BJ$19,MATCH($C120,Basis!$B$2:$B$19,0),MATCH(F$103,Basis!$C$1:$BJ$1,0)) -> 1 | H120: =IF(G120="",0,IF(G120-D120=0,2,IF(G120-D120=-1,3,IF(G120-D120=-2,4,IF(G120-D120=-3,5,IF(G120-D120=-4,6,IF(G120-D120=1,1,IF(G120-D120>=2,0,)))))))) -> 0 | I120: =IF(G120="",0,IF(G120-F120-D120=0,2,IF(G120-F120-D120=-1,3,IF(G120-F120-D120=-2,4,IF(G120-F120-D120=-3,5,IF(G120-F120-D120=-4,6,IF(G120-F120-D120=1,1,IF(G120-F120-D120>=2,0,)))))))) -> 0 | K120: Bahn 12 | L120: =C120 -> 6 | M120: =D120 -> 5 | O120: =INDEX(Basis!$C$2:$BJ$19,MATCH($C120,Basis!$B$2:$B$19,0),MATCH(O$103,Basis!$C$1:$BJ$1,0)) -> 1 | Q120: =IF(P120="",0,IF(P120-M120=0,2,IF(P120-M120=-1,3,IF(P120-M120=-2,4,IF(P120-M120=-3,5,IF(P120-M120=-4,6,IF(P120-M120=1,1,IF(P120-M120>=2,0,)))))))) -> 0 | R120: =IF(P120="",0,IF(P120-O120-M120=0,2,IF(P120-O120-M120=-1,3,IF(P120-O120-M120=-2,4,IF(P120-O120-M120=-3,5,IF(P120-O120-M120=-4,6,IF(P120-O120-M120=1,1,IF(P120-O120-M120>=2,0,)))))))) -> 0 | T120: Bahn 12 | U120: =C120 -> 6 | V120: =D120 -> 5 | X120: =INDEX(Basis!$C$2:$BJ$19,MATCH($C120,Basis!$B$2:$B$19,0),MATCH(X$103,Basis!$C$1:$BJ$1,0)) -> 2 | Z120: =IF(Y120="",0,IF(Y120-V120=0,2,IF(Y120-V120=-1,3,IF(Y120-V120=-2,4,IF(Y120-V120=-3,5,IF(Y120-V120=-4,6,IF(Y120-V120=1,1,IF(Y120-V120>=2,0,)))))))) -> 0 | AA120: =IF(Y120="",0,IF(Y120-X120-V120=0,2,IF(Y120-X120-V120=-1,3,IF(Y120-X120-V120=-2,4,IF(Y120-X120-V120=-3,5,IF(Y120-X120-V120=-4,6,IF(Y120-X120-V120=1,1,IF(Y120-X120-V120>=2,0,)))))))) -> 0 | AC120: =IF(AND(G120<P120,G120<Y120),2,0) -> 0 | AD120: =IF(AND(G120<P120,G120=Y120),1,0) -> 0 | AE120: =IF(AND(G120=P120,G120<Y120),1,0) -> 0 | AF120: =IF(AND(G120=P120,G120=Y120),1,0) -> 1 | AH120: =IF(AND(P120<G120,P120<Y120),2,0) -> 0 | AI120: =IF(AND(P120=G120,P120<Y120),1,0) -> 0 | AJ120: =IF(AND(P120=Y120,P120<G120),1,0) -> 0 | AK120: =IF(AND(P120=G120,P120=Y120),1,0) -> 1 | AM120: =IF(AND(Y120<G120,Y120<P120),2,0) -> 0 | AN120: =IF(AND(Y120=G120,Y120<P120),1,0) -> 0 | AO120: =IF(AND(Y120=P120,Y120<G120),1,0) -> 0 | AP120: =IF(AND(Y120=G120,Y120=P120),1,0) -> 1
...

Sheet Basis
B1: Spielvorgabe | C1: 1 | D1: 2 | E1: 3 | F1: 4 | G1: 5 | H1: 6 | I1: 7 | J1: 8 | K1: 9 | L1: 10 | M1: 11 | N1: 12 | O1: 13 | P1: 14 | Q1: 15 | R1: 16 | S1: 17 | T1: 18 | U1: 19 | V1: 20 | W1: 21 | X1: 22 | Y1: 23 | Z1: 24 | AA1: 25 | AB1: 26 | AC1: 27 | AD1: 28 | AE1: 29 | AF1: 30 | AG1: 31 | AH1: 32 | AI1: 33 | AJ1: 34 | AK1: 35 | AL1: 36 | AM1: 37 | AN1: 38 | AO1: 39 | AP1: 40 | AQ1: 41 | AR1: 42 | AS1: 43 | AT1: 44 | AU1: 45 | AV1: 46 | AW1: 47 | AX1: 48 | AY1: 49 | AZ1: 50 | BA1: 51 | BB1: 52 | BC1: 53 | BD1: 54 | BE1: 55 | BF1: 56 | BG1: 57 | BH1: 58 | BI1: 59 | BJ1: 60
A2: HCP 1 | B2: 1 | C2: 1 | D2: 1 | E2: 1 | F2: 1 | G2: 1 | H2: 1 | I2: 1 | J2: 1 | K2: 1 | L2: 1 | M2: 1 | N2: 1 | O2: 1 | P2: 1 | Q2: 1 | R2: 1 | S2: 1 | T2: 1 | U2: 2 | V2: 2 | W2: 2 | X2: 2 | Y2: 2 | Z2: 2 | AA2: 2 | AB2: 2 | AC2: 2 | AD2: 2 | AE2: 2 | AF2: 2 | AG2: 2 | AH2: 2 | AI2: 2 | AJ2: 2 | AK2: 2 | AL2: 2 | AM2: 3 | AN2: 3 | AO2: 3 | AP2: 3 | AQ2: 3 | AR2: 3 | AS2: 3 | AT2: 3 | AU2: 3 | AV2: 3 | AW2: 3 | AX2: 3 | AY2: 3 | AZ2: 3 | BA2: 3 | BB2: 3 | BC2: 3 | BD2: 3 | BE2: 4 | BF2: 4 | BG2: 4 | BH2: 4 | BI2: 4 | BJ2: 4
A3: HCP 2 | B3: 2 | D3: 1 | E3: 1 | F3: 1 | G3: 1 | H3: 1 | I3: 1 | J3: 1 | K3: 1 | L3: 1 | M3: 1 | N3: 1 | O3: 1 | P3: 1 | Q3: 1 | R3: 1 | S3: 1 | T3: 1 | U3: 1 | V3: 2 | W3: 2 | X3: 2 | Y3: 2 | Z3: 2 | AA3: 2 | AB3: 2 | AC3: 2 | AD3: 2 | AE3: 2 | AF3: 2 | AG3: 2 | AH3: 2 | AI3: 2 | AJ3: 2 | AK3: 2 | AL3: 2 | AM3: 2 | AN3: 3 | AO3: 3 | AP3: 3 | AQ3: 3 | AR3: 3 | AS3: 3 | AT3: 3 | AU3: 3 | AV3: 3 | AW3: 3 | AX3: 3 | AY3: 3 | AZ3: 3 | BA3: 3 | BB3: 3 | BC3: 3 | BD3: 3 | BE3: 3 | BF3: 4 | BG3: 4 | BH3: 4 | BI3: 4 | BJ3: 4
A4: HCP 3 | B4: 3 | E4: 1 | F4: 1 | G4: 1 | H4: 1 | I4: 1 | J4: 1 | K4: 1 | L4: 1 | M4: 1 | N4: 1 | O4: 1 | P4: 1 | Q4: 1 | R4: 1 | S4: 1 | T4: 1 | U4: 1 | V4: 1 | W4: 2 | X4: 2 | Y4: 2 | Z4: 2 | AA4: 2 | AB4: 2 | AC4: 2 | AD4: 2 | AE4: 2 | AF4: 2 | AG4: 2 | AH4: 2 | AI4: 2 | AJ4: 2 | AK4: 2 | AL4: 2 | AM4: 2 | AN4: 2 | AO4: 3 | AP4: 3 | AQ4: 3 | AR4: 3 | AS4: 3 | AT4: 3 | AU4: 3 | AV4: 3 | AW4: 3 | AX4: 3 | AY4: 3 | AZ4: 3 | BA4: 3 | BB4: 3 | BC4: 3 | BD4: 3 | BE4: 3 | BF4: 3 | BG4: 4 | BH4: 4 | BI4: 4 | BJ4: 4
A5: HCP 4 | B5: 4 | F5: 1 | G5: 1 | H5: 1 | I5: 1 | J5: 1 | K5: 1 | L5: 1 | M5: 1 | N5: 1 | O5: 1 | P5: 1 | Q5: 1 | R5: 1 | S5: 1 | T5: 1 | U5: 1 | V5: 1 | W5: 1 | X5: 2 | Y5: 2 | Z5: 2 | AA5: 2 | AB5: 2 | AC5: 2 | AD5: 2 | AE5: 2 | AF5: 2 | AG5: 2 | AH5: 2 | AI5: 2 | AJ5: 2 | AK5: 2 | AL5: 2 | AM5: 2 | AN5: 2 | AO5: 2 | AP5: 3 | AQ5: 3 | AR5: 3 | AS5: 3 | AT5: 3 | AU5: 3 | AV5: 3 | AW5: 3 | AX5: 3 | AY5: 3 | AZ5: 3 | BA5: 3 | BB5: 3 | BC5: 3 | BD5: 3 | BE5: 3 | BF5: 3 | BG5: 3 | BH5: 4 | BI5: 4 | BJ5: 4
A6: HCP 5 | B6: 5 | G6: 1 | H6: 1 | I6: 1 | J6: 1 | K6: 1 | L6: 1 | M6: 1 | N6: 1 | O6: 1 | P6: 1 | Q6: 1 | R6: 1 | S6: 1 | T6: 1 | U6: 1 | V6: 1 | W6: 1 | X6: 1 | Y6: 2 | Z6: 2 | AA6: 2 | AB6: 2 | AC6: 2 | AD6: 2 | AE6: 2 | AF6: 2 | AG6: 2 | AH6: 2 | AI6: 2 | AJ6: 2 | AK6: 2 | AL6: 2 | AM6: 2 | AN6: 2 | AO6: 2 | AP6: 2 | AQ6: 3 | AR6: 3 | AS6: 3 | AT6: 3 | AU6: 3 | AV6: 3 | AW6: 3 | AX6: 3 | AY6: 3 | AZ6: 3 | BA6: 3 | BB6: 3 | BC6: 3 | BD6: 3 | BE6: 3 | BF6: 3 | BG6: 3 | BH6: 3 | BI6: 4 | BJ6: 4
A7: HCP 6 | B7: 6 | H7: 1 | I7: 1 | J7: 1 | K7: 1 | L7: 1 | M7: 1 | N7: 1 | O7: 1 | P7: 1 | Q7: 1 | R7: 1 | S7: 1 | T7: 1 | U7: 1 | V7: 1 | W7: 1 | X7: 1 | Y7: 1 | Z7: 2 | AA7: 2 | AB7: 2 | AC7: 2 | AD7: 2 | AE7: 2 | AF7: 2 | AG7: 2 | AH7: 2 | AI7: 2 | AJ7: 2 | AK7: 2 | AL7: 2 | AM7: 2 | AN7: 2 | AO7: 2 | AP7: 2 | AQ7: 2 | AR7: 3 | AS7: 3 | AT7: 3 | AU7: 3 | AV7: 3 | AW7: 3 | AX7: 3 | AY7: 3 | AZ7: 3 | BA7: 3 | BB7: 3 | BC7: 3 | BD7: 3 | BE7: 3 | BF7: 3 | BG7: 3 | BH7: 3 | BI7: 3 | BJ7: 4
A8: HCP 7 | B8: 7 | I8: 1 | J8: 1 | K8: 1 | L8: 1 | M8: 1 | N8: 1 | O8: 1 | P8: 1 | Q8: 1 | R8: 1 | S8: 1 | T8: 1 | U8: 1 | V8: 1 | W8: 1 | X8: 1 | Y8: 1 | Z8: 1 | AA8: 2 | AB8: 2 | AC8: 2 | AD8: 2 | AE8: 2 | AF8: 2 | AG8: 2 | AH8: 2 | AI8: 2 | AJ8: 2 | AK8: 2 | AL8: 2 | AM8: 2 | AN8: 2 | AO8: 2 | AP8: 2 | AQ8: 2 | AR8: 2 | AS8: 3 | AT8: 3 | AU8: 3 | AV8: 3 | AW8: 3 | AX8: 3 | AY8: 3 | AZ8: 3 | BA8: 3 | BB8: 3 | BC8: 3 | BD8: 3 | BE8: 3 | BF8: 3 | BG8: 3 | BH8: 3 | BI8: 3 | BJ8: 3
A9: HCP 8 | B9: 8 | J9: 1 | K9: 1 | L9: 1 | M9: 1 | N9: 1 | O9: 1 | P9: 1 | Q9: 1 | R9: 1 | S9: 1 | T9: 1 | U9: 1 | V9: 1 | W9: 1 | X9: 1 | Y9: 1 | Z9: 1 | AA9: 1 | AB9: 2 | AC9: 2 | AD9: 2 | AE9: 2 | AF9: 2 | AG9: 2 | AH9: 2 | AI9: 2 | AJ9: 2 | AK9: 2 | AL9: 2 | AM9: 2 | AN9: 2 | AO9: 2 | AP9: 2 | AQ9: 2 | AR9: 2 | AS9: 2 | AT9: 3 | AU9: 3 | AV9: 3 | AW9: 3 | AX9: 3 | AY9: 3 | AZ9: 3 | BA9: 3 | BB9: 3 | BC9: 3 | BD9: 3 | BE9: 3 | BF9: 3 | BG9: 3 | BH9: 3 | BI9: 3 | BJ9: 3
A10: HCP 9 | B10: 9 | K10: 1 | L10: 1 | M10: 1 | N10: 1 | O10: 1 | P10: 1 | Q10: 1 | R10: 1 | S10: 1 | T10: 1 | U10: 1 | V10: 1 | W10: 1 | X10: 1 | Y10: 1 | Z10: 1 | AA10: 1 | AB10: 1 | AC10: 2 | AD10: 2 | AE10: 2 | AF10: 2 | AG10: 2 | AH10: 2 | AI10: 2 | AJ10: 2 | AK10: 2 | AL10: 2 | AM10: 2 | AN10: 2 | AO10: 2 | AP10: 2 | AQ10: 2 | AR10: 2 | AS10: 2 | AT10: 2 | AU10: 3 | AV10: 3 | AW10: 3 | AX10: 3 | AY10: 3 | AZ10: 3 | BA10: 3 | BB10: 3 | BC10: 3 | BD10: 3 | BE10: 3 | BF10: 3 | BG10: 3 | BH10: 3 | BI10: 3 | BJ10: 3
A11: HCP 10 | B11: 10 | L11: 1 | M11: 1 | N11: 1 | O11: 1 | P11: 1 | Q11: 1 | R11: 1 | S11: 1 | T11: 1 | U11: 1 | V11: 1 | W11: 1 | X11: 1 | Y11: 1 | Z11: 1 | AA11: 1 | AB11: 1 | AC11: 1 | AD11: 2 | AE11: 2 | AF11: 2 | AG11: 2 | AH11: 2 | AI11: 2 | AJ11: 2 | AK11: 2 | AL11: 2 | AM11: 2 | AN11: 2 | AO11: 2 | AP11: 2 | AQ11: 2 | AR11: 2 | AS11: 2 | AT11: 2 | AU11: 2 | AV11: 3 | AW11: 3 | AX11: 3 | AY11: 3 | AZ11: 3 | BA11: 3 | BB11: 3 | BC11: 3 | BD11: 3 | BE11: 3 | BF11: 3 | BG11: 3 | BH11: 3 | BI11: 3 | BJ11: 3
A12: HCP 11 | B12: 11 | M12: 1 | N12: 1 | O12: 1 | P12: 1 | Q12: 1 | R12: 1 | S12: 1 | T12: 1 | U12: 1 | V12: 1 | W12: 1 | X12: 1 | Y12: 1 | Z12: 1 | AA12: 1 | AB12: 1 | AC12: 1 | AD12: 1 | AE12: 2 | AF12: 2 | AG12: 2 | AH12: 2 | AI12: 2 | AJ12: 2 | AK12: 2 | AL12: 2 | AM12: 2 | AN12: 2 | AO12: 2 | AP12: 2 | AQ12: 2 | AR12: 2 | AS12: 2 | AT12: 2 | AU12: 2 | AV12: 2 | AW12: 3 | AX12: 3 | AY12: 3 | AZ12: 3 | BA12: 3 | BB12: 3 | BC12: 3 | BD12: 3 | BE12: 3 | BF12: 3 | BG12: 3 | BH12: 3 | BI12: 3 | BJ12: 3
A13: HCP 12 | B13: 12 | N13: 1 | O13: 1 | P13: 1 | Q13: 1 | R13: 1 | S13: 1 | T13: 1 | U13: 1 | V13: 1 | W13: 1 | X13: 1 | Y13: 1 | Z13: 1 | AA13: 1 | AB13: 1 | AC13: 1 | AD13: 1 | AE13: 1 | AF13: 2 | AG13: 2 | AH13: 2 | AI13: 2 | AJ13: 2 | AK13: 2 | AL13: 2 | AM13: 2 | AN13: 2 | AO13: 2 | AP13: 2 | AQ13: 2 | AR13: 2 | AS13: 2 | AT13: 2 | AU13: 2 | AV13: 2 | AW13: 2 | AX13: 3 | AY13: 3 | AZ13: 3 | BA13: 3 | BB13: 3 | BC13: 3 | BD13: 3 | BE13: 3 | BF13: 3 | BG13: 3 | BH13: 3 | BI13: 3 | BJ13: 3
A14: HCP 13 | B14: 13 | O14: 1 | P14: 1 | Q14: 1 | R14: 1 | S14: 1 | T14: 1 | U14: 1 | V14: 1 | W14: 1 | X14: 1 | Y14: 1 | Z14: 1 | AA14: 1 | AB14: 1 | AC14: 1 | AD14: 1 | AE14: 1 | AF14: 1 | AG14: 2 | AH14: 2 | AI14: 2 | AJ14: 2 | AK14: 2 | AL14: 2 | AM14: 2 | AN14: 2 | AO14: 2 | AP14: 2 | AQ14: 2 | AR14: 2 | AS14: 2 | AT14: 2 | AU14: 2 | AV14: 2 | AW14: 2 | AX14: 2 | AY14: 3 | AZ14: 3 | BA14: 3 | BB14: 3 | BC14: 3 | BD14: 3 | BE14: 3 | BF14: 3 | BG14: 3 | BH14: 3 | BI14: 3 | BJ14: 3
A15: HCP 14 | B15: 14 | P15: 1 | Q15: 1 | R15: 1 | S15: 1 | T15: 1 | U15: 1 | V15: 1 | W15: 1 | X15: 1 | Y15: 1 | Z15: 1 | AA15: 1 | AB15: 1 | AC15: 1 | AD15: 1 | AE15: 1 | AF15: 1 | AG15: 1 | AH15: 2 | AI15: 2 | AJ15: 2 | AK15: 2 | AL15: 2 | AM15: 2 | AN15: 2 | AO15: 2 | AP15: 2 | AQ15: 2 | AR15: 2 | AS15: 2 | AT15: 2 | AU15: 2 | AV15: 2 | AW15: 2 | AX15: 2 | AY15: 2 | AZ15: 3 | BA15: 3 | BB15: 3 | BC15: 3 | BD15: 3 | BE15: 3 | BF15: 3 | BG15: 3 | BH15: 3 | BI15: 3 | BJ15: 3
A16: HCP 15 | B16: 15 | Q16: 1 | R16: 1 | S16: 1 | T16: 1 | U16: 1 | V16: 1 | W16: 1 | X16: 1 | Y16: 1 | Z16: 1 | AA16: 1 | AB16: 1 | AC16: 1 | AD16: 1 | AE16: 1 | AF16: 1 | AG16: 1 | AH16: 1 | AI16: 2 | AJ16: 2 | AK16: 2 | AL16: 2 | AM16: 2 | AN16: 2 | AO16: 2 | AP16: 2 | AQ16: 2 | AR16: 2 | AS16: 2 | AT16: 2 | AU16: 2 | AV16: 2 | AW16: 2 | AX16: 2 | AY16: 2 | AZ16: 2 | BA16: 3 | BB16: 3 | BC16: 3 | BD16: 3 | BE16: 3 | BF16: 3 | BG16: 3 | BH16: 3 | BI16: 3 | BJ16: 3
A17: HCP 16 | B17: 16 | R17: 1 | S17: 1 | T17: 1 | U17: 1 | V17: 1 | W17: 1 | X17: 1 | Y17: 1 | Z17: 1 | AA17: 1 | AB17: 1 | AC17: 1 | AD17: 1 | AE17: 1 | AF17: 1 | AG17: 1 | AH17: 1 | AI17: 1 | AJ17: 2 | AK17: 2 | AL17: 2 | AM17: 2 | AN17: 2 | AO17: 2 | AP17: 2 | AQ17: 2 | AR17: 2 | AS17: 2 | AT17: 2 | AU17: 2 | AV17: 2 | AW17: 2 | AX17: 2 | AY17: 2 | AZ17: 2 | BA17: 2 | BB17: 3 | BC17: 3 | BD17: 3 | BE17: 3 | BF17: 3 | BG17: 3 | BH17: 3 | BI17: 3 | BJ17: 3
A18: HCP 17 | B18: 17 | S18: 1 | T18: 1 | U18: 1 | V18: 1 | W18: 1 | X18: 1 | Y18: 1 | Z18: 1 | AA18: 1 | AB18: 1 | AC18: 1 | AD18: 1 | AE18: 1 | AF18: 1 | AG18: 1 | AH18: 1 | AI18: 1 | AJ18: 1 | AK18: 2 | AL18: 2 | AM18: 2 | AN18: 2 | AO18: 2 | AP18: 2 | AQ18: 2 | AR18: 2 | AS18: 2 | AT18: 2 | AU18: 2 | AV18: 2 | AW18: 2 | AX18: 2 | AY18: 2 | AZ18: 2 | BA18: 2 | BB18: 2 | BC18: 3 | BD18: 3 | BE18: 3 | BF18: 3 | BG18: 3 | BH18: 3 | BI18: 3 | BJ18: 3 | BR18: 3
A19: HCP 18 | B19: 18 | T19: 1 | U19: 1 | V19: 1 | W19: 1 | X19: 1 | Y19: 1 | Z19: 1 | AA19: 1 | AB19: 1 | AC19: 1 | AD19: 1 | AE19: 1 | AF19: 1 | AG19: 1 | AH19: 1 | AI19: 1 | AJ19: 1 | AK19: 1 | AL19: 2 | AM19: 2 | AN19: 2 | AO19: 2 | AP19: 2 | AQ19: 2 | AR19: 2 | AS19: 2 | AT19: 2 | AU19: 2 | AV19: 2 | AW19: 2 | AX19: 2 | AY19: 2 | AZ19: 2 | BA19: 2 | BB19: 2 | BC19: 2 | BD19: 3 | BE19: 3 | BF19: 3 | BG19: 3 | BH19: 3 | BI19: 3 | BJ19: 3

Sheet HCP
A1: DGV-Vorgabenklasse | B1: DGV-Stammvorgaben | C1: Pufferzone | D1: Heraufsetzungswert | E1: Herabsetzungsmultiplikand für jeden Punkt oberhalb der Pufferzone
C2: gewertete Stableford-Nettopunkte
A6: 1 | B6: bis 4,4 | C6: 35 | D6: 0.1 | E6: 0.1
A7: 2 | B7: 4,5 bis 11,4 | C7: 34 | D7: 0.1 | E7: 0.2
A8: 3 | B8: 11,5 bis 18,4 | C8: 33 | D8: 0.1 | E8: 0.3
A9: 4 | B9: 18,5 bis 26,4 | C9: 32 | D9: 0.1 | E9: 0.4
A10: 5 | B10: 26,5 bis 36,0 | C10: 31 | D10: 0.2 | E10: 0.5
A11: 6 | B11: 37 bis 54 | C11: 0 | D11: 0 | E11: 1
A13: HCP | C13: 25.1
A14: Stammv. | C14: 22
A15: Netto | C15: 37
A17: Vorgabeklasse | C17: =IF(C14<4.4,1,IF(AND(C14>=4.5,C14<=11.4),2,IF(AND(C14>=11.5,C14<=18.4),3,IF(AND(C14>=18.5,C14<=26.4),4,IF(AND(C14>=26.5,C14<=36),5,IF(C14>=36,6)))))) -> 4
A18: Pufferzone | C18: =VLOOKUP(C17,$A$6:$C$11,3,FALSE) -> 32
C20: =IF(C15>36,"Herabsetzung",IF(AND(C15<=36,C15>=C18),"Puffer","Heraufsetzung")) -> Herabsetzung
A22: Neues HCP | C22: =IF($C$20="Heraufsetzung",INDEX($C$395:$D$755,MATCH($C$13,$C$394:$C$755,0),MATCH($A$22,$D$394,0)),IF($C$20="Puffer",$C$13,IF($C$20="Herabsetzung",INDEX($C$29:$AK$389,MATCH($C$13,$C$29:$C$389,0),MATCH($C$15,$C$28:$AK$28,0))))) -> 24.7
D26: Herabsetzung
D27: Netto-Punkte gem. Stableford bei Herabsetzung
C28: HCP | D28: 37 | E28: 38 | F28: 39 | G28: 40 | H28: 41 | I28: 42 | J28: 43 | K28: 44 | L28: 45 | M28: 46 | N28: 47 | O28: 48 | P28: 49 | Q28: 50 | R28: 51 | S28: 52 | T28: 53 | U28: 54 | V28: 55 | W28: 56 | X28: 57 | Y28: 58 | Z28: 59 | AA28: 60 | AB28: 61 | AC28: 62 | AD28: 63 | AE28: 64 | AF28: 65 | AG28: 66 | AH28: 67 | AI28: 68 | AJ28: 69 | AK28: 70
C29: 0 | D29: =(IF(C29<=4.4,C29-$E$6,IF(AND(C29>=4.5,C29<=11.4),C29-$E$7,IF(AND(C29>=11.5,C29<=18.4),C29-$E$8,IF(AND(C29>=18.5,C29<=26.4),C29-$E$9,IF(AND(C29>=26.4,C29<=36),C29-$E$10,IF(C29>=37,C29-$E$11))))))) -> -0.1 | E29: =(IF(D29<=4.4,D29-$E$6,IF(AND(D29>=4.5,D29<=11.4),D29-$E$7,IF(AND(D29>=11.5,D29<=18.4),D29-$E$8,IF(AND(D29>=18.5,D29<=26.4),D29-$E$9,IF(AND(D29>=26.4,D29<=36),D29-$E$10,IF(D29>=37,D29-$E$11))))))) -> -0.2 | F29: =(IF(E29<=4.4,E29-$E$6,IF(AND(E29>=4.5,E29<=11.4),E29-$E$7,IF(AND(E29>=11.5,E29<=18.4),E29-$E$8,IF(AND(E29>=18.5,E29<=26.4),E29-$E$9,IF(AND(E29>=26.4,E29<=36),E29-$E$10,IF(E29>=37,E29-$E$11))))))) -> -0.3 | G29: =(IF(F29<=4.4,F29-$E$6,IF(AND(F29>=4.5,F29<=11.4),F29-$E$7,IF(AND(F29>=11.5,F29<=18.4),F29-$E$8,IF(AND(F29>=18.5,F29<=26.4),F29-$E$9,IF(AND(F29>=26.4,F29<=36),F29-$E$10,IF(F29>=37,F29-$E$11))))))) -> -0.4 | H29: =(IF(G29<=4.4,G29-$E$6,IF(AND(G29>=4.5,G29<=11.4),G29-$E$7,IF(AND(G29>=11.5,G29<=18.4),G29-$E$8,IF(AND(G29>=18.5,G29<=26.4),G29-$E$9,IF(AND(G29>=26.4,G29<=36),G29-$E$10,IF(G29>=37,G29-$E$11))))))) -> -0.5 | I29: =(IF(H29<=4.4,H29-$E$6,IF(AND(H29>=4.5,H29<=11.4),H29-$E$7,IF(AND(H29>=11.5,H29<=18.4),H29-$E$8,IF(AND(H29>=18.5,H29<=26.4),H29-$E$9,IF(AND(H29>=26.4,H29<=36),H29-$E$10,IF(H29>=37,H29-$E$11))))))) -> -0.6 | J29: =(IF(I29<=4.4,I29-$E$6,IF(AND(I29>=4.5,I29<=11.4),I29-$E$7,IF(AND(I29>=11.5,I29<=18.4),I29-$E$8,IF(AND(I29>=18.5,I29<=26.4),I29-$E$9,IF(AND(I29>=26.4,I29<=36),I29-$E$10,IF(I29>=37,I29-$E$11))))))) -> -0.7 | K29: =(IF(J29<=4.4,J29-$E$6,IF(AND(J29>=4.5,J29<=11.4),J29-$E$7,IF(AND(J29>=11.5,J29<=18.4),J29-$E$8,IF(AND(J29>=18.5,J29<=26.4),J29-$E$9,IF(AND(J29>=26.4,J29<=36),J29-$E$10,IF(J29>=37,J29-$E$11))))))) -> -0.8 | ... AK29: =(IF(AJ29<=4.4,AJ29-$E$6,IF(AND(AJ29>=4.5,AJ29<=11.4),AJ29-$E$7,IF(AND(AJ29>=11.5,AJ29<=18.4),AJ29-$E$8,IF(AND(AJ29>=18.5,AJ29<=26.4),AJ29-$E$9,IF(AND(AJ29>=26.4,AJ29<=36),AJ29-$E$10,IF(AJ29>=37,AJ29-$E$11))))))) -> -3.4
C30: 0.1 | D30: =(IF(C30<=4.4,C30-$E$6,IF(AND(C30>=4.5,C30<=11.4),C30-$E$7,IF(AND(C30>=11.5,C30<=18.4),C30-$E$8,IF(AND(C30>=18.5,C30<=26.4),C30-$E$9,IF(AND(C30>=26.4,C30<=36),C30-$E$10,IF(C30>=37,C30-$E$11))))))) -> 0 | E30: =(IF(D30<=4.4,D30-$E$6,IF(AND(D30>=4.5,D30<=11.4),D30-$E$7,IF(AND(D30>=11.5,D30<=18.4),D30-$E$8,IF(AND(D30>=18.5,D30<=26.4),D30-$E$9,IF(AND(D30>=26.4,D30<=36),D30-$E$10,IF(D30>=37,D30-$E$11))))))) -> -0.1 | F30: =(IF(E30<=4.4,E30-$E$6,IF(AND(E30>=4.5,E30<=11.4),E30-$E$7,IF(AND(E30>=11.5,E30<=18.4),E30-$E$8,IF(AND(E30>=18.5,E30<=26.4),E30-$E$9,IF(AND(E30>=26.4,E30<=36),E30-$E$10,IF(E30>=37,E30-$E$11))))))) -> -0.2 | G30: =(IF(F30<=4.4,F30-$E$6,IF(AND(F30>=4.5,F30<=11.4),F30-$E$7,IF(AND(F30>=11.5,F30<=18.4),F30-$E$8,IF(AND(F30>=18.5,F30<=26.4),F30-$E$9,IF(AND(F30>=26.4,F30<=36),F30-$E$10,IF(F30>=37,F30-$E$11))))))) -> -0.3 | H30: =(IF(G30<=4.4,G30-$E$6,IF(AND(G30>=4.5,G30<=11.4),G30-$E$7,IF(AND(G30>=11.5,G30<=18.4),G30-$E$8,IF(AND(G30>=18.5,G30<=26.4),G30-$E$9,IF(AND(G30>=26.4,G30<=36),G30-$E$10,IF(G30>=37,G30-$E$11))))))) -> -0.4 | I30: =(IF(H30<=4.4,H30-$E$6,IF(AND(H30>=4.5,H30<=11.4),H30-$E$7,IF(AND(H30>=11.5,H30<=18.4),H30-$E$8,IF(AND(H30>=18.5,H30<=26.4),H30-$E$9,IF(AND(H30>=26.4,H30<=36),H30-$E$10,IF(H30>=37,H30-$E$11))))))) -> -0.5 | J30: =(IF(I30<=4.4,I30-$E$6,IF(AND(I30>=4.5,I30<=11.4),I30-$E$7,IF(AND(I30>=11.5,I30<=18.4),I30-$E$8,IF(AND(I30>=18.5,I30<=26.4),I30-$E$9,IF(AND(I30>=26.4,I30<=36),I30-$E$10,IF(I30>=37,I30-$E$11))))))) -> -0.6 | K30: =(IF(J30<=4.4,J30-$E$6,IF(AND(J30>=4.5,J30<=11.4),J30-$E$7,IF(AND(J30>=11.5,J30<=18.4),J30-$E$8,IF(AND(J30>=18.5,J30<=26.4),J30-$E$9,IF(AND(J30>=26.4,J30<=36),J30-$E$10,IF(J30>=37,J30-$E$11))))))) -> -0.7 | ... AK30: =(IF(AJ30<=4.4,AJ30-$E$6,IF(AND(AJ30>=4.5,AJ30<=11.4),AJ30-$E$7,IF(AND(AJ30>=11.5,AJ30<=18.4),AJ30-$E$8,IF(AND(AJ30>=18.5,AJ30<=26.4),AJ30-$E$9,IF(AND(AJ30>=26.4,AJ30<=36),AJ30-$E$10,IF(AJ30>=37,AJ30-$E$11))))))) -> -3.3
C31: 0.2 | D31: =(IF(C31<=4.4,C31-$E$6,IF(AND(C31>=4.5,C31<=11.4),C31-$E$7,IF(AND(C31>=11.5,C31<=18.4),C31-$E$8,IF(AND(C31>=18.5,C31<=26.4),C31-$E$9,IF(AND(C31>=26.4,C31<=36),C31-$E$10,IF(C31>=37,C31-$E$11))))))) -> 0.1 | E31: =(IF(D31<=4.4,D31-$E$6,IF(AND(D31>=4.5,D31<=11.4),D31-$E$7,IF(AND(D31>=11.5,D31<=18.4),D31-$E$8,IF(AND(D31>=18.5,D31<=26.4),D31-$E$9,IF(AND(D31>=26.4,D31<=36),D31-$E$10,IF(D31>=37,D31-$E$11))))))) -> 0 | F31: =(IF(E31<=4.4,E31-$E$6,IF(AND(E31>=4.5,E31<=11.4),E31-$E$7,IF(AND(E31>=11.5,E31<=18.4),E31-$E$8,IF(AND(E31>=18.5,E31<=26.4),E31-$E$9,IF(AND(E31>=26.4,E31<=36),E31-$E$10,IF(E31>=37,E31-$E$11))))))) -> -0.1 | G31: =(IF(F31<=4.4,F31-$E$6,IF(AND(F31>=4.5,F31<=11.4),F31-$E$7,IF(AND(F31>=11.5,F31<=18.4),F31-$E$8,IF(AND(F31>=18.5,F31<=26.4),F31-$E$9,IF(AND(F31>=26.4,F31<=36),F31-$E$10,IF(F31>=37,F31-$E$11))))))) -> -0.2 | H31: =(IF(G31<=4.4,G31-$E$6,IF(AND(G31>=4.5,G31<=11.4),G31-$E$7,IF(AND(G31>=11.5,G31<=18.4),G31-$E$8,IF(AND(G31>=18.5,G31<=26.4),G31-$E$9,IF(AND(G31>=26.4,G31<=36),G31-$E$10,IF(G31>=37,G31-$E$11))))))) -> -0.3 | I31: =(IF(H31<=4.4,H31-$E$6,IF(AND(H31>=4.5,H31<=11.4),H31-$E$7,IF(AND(H31>=11.5,H31<=18.4),H31-$E$8,IF(AND(H31>=18.5,H31<=26.4),H31-$E$9,IF(AND(H31>=26.4,H31<=36),H31-$E$10,IF(H31>=37,H31-$E$11))))))) -> -0.4 | J31: =(IF(I31<=4.4,I31-$E$6,IF(AND(I31>=4.5,I31<=11.4),I31-$E$7,IF(AND(I31>=11.5,I31<=18.4),I31-$E$8,IF(AND(I31>=18.5,I31<=26.4),I31-$E$9,IF(AND(I31>=26.4,I31<=36),I31-$E$10,IF(I31>=37,I31-$E$11))))))) -> -0.5 | K31: =(IF(J31<=4.4,J31-$E$6,IF(AND(J31>=4.5,J31<=11.4),J31-$E$7,IF(AND(J31>=11.5,J31<=18.4),J31-$E$8,IF(AND(J31>=18.5,J31<=26.4),J31-$E$9,IF(AND(J31>=26.4,J31<=36),J31-$E$10,IF(J31>=37,J31-$E$11))))))) -> -0.6 | ... AK31: =(IF(AJ31<=4.4,AJ31-$E$6,IF(AND(AJ31>=4.5,AJ31<=11.4),AJ31-$E$7,IF(AND(AJ31>=11.5,AJ31<=18.4),AJ31-$E$8,IF(AND(AJ31>=18.5,AJ31<=26.4),AJ31-$E$9,IF(AND(AJ31>=26.4,AJ31<=36),AJ31-$E$10,IF(AJ31>=37,AJ31-$E$11))))))) -> -3.2
C32: 0.3 | D32: =(IF(C32<=4.4,C32-$E$6,IF(AND(C32>=4.5,C32<=11.4),C32-$E$7,IF(AND(C32>=11.5,C32<=18.4),C32-$E$8,IF(AND(C32>=18.5,C32<=26.4),C32-$E$9,IF(AND(C32>=26.4,C32<=36),C32-$E$10,IF(C32>=37,C32-$E$11))))))) -> 0.2 | E32: =(IF(D32<=4.4,D32-$E$6,IF(AND(D32>=4.5,D32<=11.4),D32-$E$7,IF(AND(D32>=11.5,D32<=18.4),D32-$E$8,IF(AND(D32>=18.5,D32<=26.4),D32-$E$9,IF(AND(D32>=26.4,D32<=36),D32-$E$10,IF(D32>=37,D32-$E$11))))))) -> 0.1 | F32: =(IF(E32<=4.4,E32-$E$6,IF(AND(E32>=4.5,E32<=11.4),E32-$E$7,IF(AND(E32>=11.5,E32<=18.4),E32-$E$8,IF(AND(E32>=18.5,E32<=26.4),E32-$E$9,IF(AND(E32>=26.4,E32<=36),E32-$E$10,IF(E32>=37,E32-$E$11))))))) -> -2.7755576e-17 | G32: =(IF(F32<=4.4,F32-$E$6,IF(AND(F32>=4.5,F32<=11.4),F32-$E$7,IF(AND(F32>=11.5,F32<=18.4),F32-$E$8,IF(AND(F32>=18.5,F32<=26.4),F32-$E$9,IF(AND(F32>=26.4,F32<=36),F32-$E$10,IF(F32>=37,F32-$E$11))))))) -> -0.1 | H32: =(IF(G32<=4.4,G32-$E$6,IF(AND(G32>=4.5,G32<=11.4),G32-$E$7,IF(AND(G32>=11.5,G32<=18.4),G32-$E$8,IF(AND(G32>=18.5,G32<=26.4),G32-$E$9,IF(AND(G32>=26.4,G32<=36),G32-$E$10,IF(G32>=37,G32-$E$11))))))) -> -0.2 | I32: =(IF(H32<=4.4,H32-$E$6,IF(AND(H32>=4.5,H32<=11.4),H32-$E$7,IF(AND(H32>=11.5,H32<=18.4),H32-$E$8,IF(AND(H32>=18.5,H32<=26.4),H32-$E$9,IF(AND(H32>=26.4,H32<=36),H32-$E$10,IF(H32>=37,H32-$E$11))))))) -> -0.3 | J32: =(IF(I32<=4.4,I32-$E$6,IF(AND(I32>=4.5,I32<=11.4),I32-$E$7,IF(AND(I32>=11.5,I32<=18.4),I32-$E$8,IF(AND(I32>=18.5,I32<=26.4),I32-$E$9,IF(AND(I32>=26.4,I32<=36),I32-$E$10,IF(I32>=37,I32-$E$11))))))) -> -0.4 | K32: =(IF(J32<=4.4,J32-$E$6,IF(AND(J32>=4.5,J32<=11.4),J32-$E$7,IF(AND(J32>=11.5,J32<=18.4),J32-$E$8,IF(AND(J32>=18.5,J32<=26.4),J32-$E$9,IF(AND(J32>=26.4,J32<=36),J32-$E$10,IF(J32>=37,J32-$E$11))))))) -> -0.5 | ... AK32: =(IF(AJ32<=4.4,AJ32-$E$6,IF(AND(AJ32>=4.5,AJ32<=11.4),AJ32-$E$7,IF(AND(AJ32>=11.5,AJ32<=18.4),AJ32-$E$8,IF(AND(AJ32>=18.5,AJ32<=26.4),AJ32-$E$9,IF(AND(AJ32>=26.4,AJ32<=36),AJ32-$E$10,IF(AJ32>=37,AJ32-$E$11))))))) -> -3.1
C33: 0.4 | D33: =(IF(C33<=4.4,C33-$E$6,IF(AND(C33>=4.5,C33<=11.4),C33-$E$7,IF(AND(C33>=11.5,C33<=18.4),C33-$E$8,IF(AND(C33>=18.5,C33<=26.4),C33-$E$9,IF(AND(C33>=26.4,C33<=36),C33-$E$10,IF(C33>=37,C33-$E$11))))))) -> 0.3 | E33: =(IF(D33<=4.4,D33-$E$6,IF(AND(D33>=4.5,D33<=11.4),D33-$E$7,IF(AND(D33>=11.5,D33<=18.4),D33-$E$8,IF(AND(D33>=18.5,D33<=26.4),D33-$E$9,IF(AND(D33>=26.4,D33<=36),D33-$E$10,IF(D33>=37,D33-$E$11))))))) -> 0.2 | F33: =(IF(E33<=4.4,E33-$E$6,IF(AND(E33>=4.5,E33<=11.4),E33-$E$7,IF(AND(E33>=11.5,E33<=18.4),E33-$E$8,IF(AND(E33>=18.5,E33<=26.4),E33-$E$9,IF(AND(E33>=26.4,E33<=36),E33-$E$10,IF(E33>=37,E33-$E$11))))))) -> 0.1 | G33: =(IF(F33<=4.4,F33-$E$6,IF(AND(F33>=4.5,F33<=11.4),F33-$E$7,IF(AND(F33>=11.5,F33<=18.4),F33-$E$8,IF(AND(F33>=18.5,F33<=26.4),F33-$E$9,IF(AND(F33>=26.4,F33<=36),F33-$E$10,IF(F33>=37,F33-$E$11))))))) -> 2.7755576e-17 | H33: =(IF(G33<=4.4,G33-$E$6,IF(AND(G33>=4.5,G33<=11.4),G33-$E$7,IF(AND(G33>=11.5,G33<=18.4),G33-$E$8,IF(AND(G33>=18.5,G33<=26.4),G33-$E$9,IF(AND(G33>=26.4,G33<=36),G33-$E$10,IF(G33>=37,G33-$E$11))))))) -> -0.1 | I33: =(IF(H33<=4.4,H33-$E$6,IF(AND(H33>=4.5,H33<=11.4),H33-$E$7,IF(AND(H33>=11.5,H33<=18.4),H33-$E$8,IF(AND(H33>=18.5,H33<=26.4),H33-$E$9,IF(AND(H33>=26.4,H33<=36),H33-$E$10,IF(H33>=37,H33-$E$11))))))) -> -0.2 | J33: =(IF(I33<=4.4,I33-$E$6,IF(AND(I33>=4.5,I33<=11.4),I33-$E$7,IF(AND(I33>=11.5,I33<=18.4),I33-$E$8,IF(AND(I33>=18.5,I33<=26.4),I33-$E$9,IF(AND(I33>=26.4,I33<=36),I33-$E$10,IF(I33>=37,I33-$E$11))))))) -> -0.3 | K33: =(IF(J33<=4.4,J33-$E$6,IF(AND(J33>=4.5,J33<=11.4),J33-$E$7,IF(AND(J33>=11.5,J33<=18.4),J33-$E$8,IF(AND(J33>=18.5,J33<=26.4),J33-$E$9,IF(AND(J33>=26.4,J33<=36),J33-$E$10,IF(J33>=37,J33-$E$11))))))) -> -0.4 | ... AK33: =(IF(AJ33<=4.4,AJ33-$E$6,IF(AND(AJ33>=4.5,AJ33<=11.4),AJ33-$E$7,IF(AND(AJ33>=11.5,AJ33<=18.4),AJ33-$E$8,IF(AND(AJ33>=18.5,AJ33<=26.4),AJ33-$E$9,IF(AND(AJ33>=26.4,AJ33<=36),AJ33-$E$10,IF(AJ33>=37,AJ33-$E$11))))))) -> -3
C34: 0.5 | D34: =(IF(C34<=4.4,C34-$E$6,IF(AND(C34>=4.5,C34<=11.4),C34-$E$7,IF(AND(C34>=11.5,C34<=18.4),C34-$E$8,IF(AND(C34>=18.5,C34<=26.4),C34-$E$9,IF(AND(C34>=26.4,C34<=36),C34-$E$10,IF(C34>=37,C34-$E$11))))))) -> 0.4 | E34: =(IF(D34<=4.4,D34-$E$6,IF(AND(D34>=4.5,D34<=11.4),D34-$E$7,IF(AND(D34>=11.5,D34<=18.4),D34-$E$8,IF(AND(D34>=18.5,D34<=26.4),D34-$E$9,IF(AND(D34>=26.4,D34<=36),D34-$E$10,IF(D34>=37,D34-$E$11))))))) -> 0.3 | F34: =(IF(E34<=4.4,E34-$E$6,IF(AND(E34>=4.5,E34<=11.4),E34-$E$7,IF(AND(E34>=11.5,E34<=18.4),E34-$E$8,IF(AND(E34>=18.5,E34<=26.4),E34-$E$9,IF(AND(E34>=26.4,E34<=36),E34-$E$10,IF(E34>=37,E34-$E$11))))))) -> 0.2 | G34: =(IF(F34<=4.4,F34-$E$6,IF(AND(F34>=4.5,F34<=11.4),F34-$E$7,IF(AND(F34>=11.5,F34<=18.4),F34-$E$8,IF(AND(F34>=18.5,F34<=26.4),F34-$E$9,IF(AND(F34>=26.4,F34<=36),F34-$E$10,IF(F34>=37,F34-$E$11))))))) -> 0.1 | H34: =(IF(G34<=4.4,G34-$E$6,IF(AND(G34>=4.5,G34<=11.4),G34-$E$7,IF(AND(G34>=11.5,G34<=18.4),G34-$E$8,IF(AND(G34>=18.5,G34<=26.4),G34-$E$9,IF(AND(G34>=26.4,G34<=36),G34-$E$10,IF(G34>=37,G34-$E$11))))))) -> 2.7755576e-17 | I34: =(IF(H34<=4.4,H34-$E$6,IF(AND(H34>=4.5,H34<=11.4),H34-$E$7,IF(AND(H34>=11.5,H34<=18.4),H34-$E$8,IF(AND(H34>=18.5,H34<=26.4),H34-$E$9,IF(AND(H34>=26.4,H34<=36),H34-$E$10,IF(H34>=37,H34-$E$11))))))) -> -0.1 | J34: =(IF(I34<=4.4,I34-$E$6,IF(AND(I34>=4.5,I34<=11.4),I34-$E$7,IF(AND(I34>=11.5,I34<=18.4),I34-$E$8,IF(AND(I34>=18.5,I34<=26.4),I34-$E$9,IF(AND(I34>=26.4,I34<=36),I34-$E$10,IF(I34>=37,I34-$E$11))))))) -> -0.2 | K34: =(IF(J34<=4.4,J34-$E$6,IF(AND(J34>=4.5,J34<=11.4),J34-$E$7,IF(AND(J34>=11.5,J34<=18.4),J34-$E$8,IF(AND(J34>=18.5,J34<=26.4),J34-$E$9,IF(AND(J34>=26.4,J34<=36),J34-$E$10,IF(J34>=37,J34-$E$11))))))) -> -0.3 | ... AK34: =(IF(AJ34<=4.4,AJ34-$E$6,IF(AND(AJ34>=4.5,AJ34<=11.4),AJ34-$E$7,IF(AND(AJ34>=11.5,AJ34<=18.4),AJ34-$E$8,IF(AND(AJ34>=18.5,AJ34<=26.4),AJ34-$E$9,IF(AND(AJ34>=26.4,AJ34<=36),AJ34-$E$10,IF(AJ34>=37,AJ34-$E$11))))))) -> -2.9
C35: 0.6 | D35: =(IF(C35<=4.4,C35-$E$6,IF(AND(C35>=4.5,C35<=11.4),C35-$E$7,IF(AND(C35>=11.5,C35<=18.4),C35-$E$8,IF(AND(C35>=18.5,C35<=26.4),C35-$E$9,IF(AND(C35>=26.4,C35<=36),C35-$E$10,IF(C35>=37,C35-$E$11))))))) -> 0.5 | E35: =(IF(D35<=4.4,D35-$E$6,IF(AND(D35>=4.5,D35<=11.4),D35-$E$7,IF(AND(D35>=11.5,D35<=18.4),D35-$E$8,IF(AND(D35>=18.5,D35<=26.4),D35-$E$9,IF(AND(D35>=26.4,D35<=36),D35-$E$10,IF(D35>=37,D35-$E$11))))))) -> 0.4 | F35: =(IF(E35<=4.4,E35-$E$6,IF(AND(E35>=4.5,E35<=11.4),E35-$E$7,IF(AND(E35>=11.5,E35<=18.4),E35-$E$8,IF(AND(E35>=18.5,E35<=26.4),E35-$E$9,IF(AND(E35>=26.4,E35<=36),E35-$E$10,IF(E35>=37,E35-$E$11))))))) -> 0.3 | G35: =(IF(F35<=4.4,F35-$E$6,IF(AND(F35>=4.5,F35<=11.4),F35-$E$7,IF(AND(F35>=11.5,F35<=18.4),F35-$E$8,IF(AND(F35>=18.5,F35<=26.4),F35-$E$9,IF(AND(F35>=26.4,F35<=36),F35-$E$10,IF(F35>=37,F35-$E$11))))))) -> 0.2 | H35: =(IF(G35<=4.4,G35-$E$6,IF(AND(G35>=4.5,G35<=11.4),G35-$E$7,IF(AND(G35>=11.5,G35<=18.4),G35-$E$8,IF(AND(G35>=18.5,G35<=26.4),G35-$E$9,IF(AND(G35>=26.4,G35<=36),G35-$E$10,IF(G35>=37,G35-$E$11))))))) -> 0.1 | I35: =(IF(H35<=4.4,H35-$E$6,IF(AND(H35>=4.5,H35<=11.4),H35-$E$7,IF(AND(H35>=11.5,H35<=18.4),H35-$E$8,IF(AND(H35>=18.5,H35<=26.4),H35-$E$9,IF(AND(H35>=26.4,H35<=36),H35-$E$10,IF(H35>=37,H35-$E$11))))))) -> 2.7755576e-17 | J35: =(IF(I35<=4.4,I35-$E$6,IF(AND(I35>=4.5,I35<=11.4),I35-$E$7,IF(AND(I35>=11.5,I35<=18.4),I35-$E$8,IF(AND(I35>=18.5,I35<=26.4),I35-$E$9,IF(AND(I35>=26.4,I35<=36),I35-$E$10,IF(I35>=37,I35-$E$11))))))) -> -0.1 | K35: =(IF(J35<=4.4,J35-$E$6,IF(AND(J35>=4.5,J35<=11.4),J35-$E$7,IF(AND(J35>=11.5,J35<=18.4),J35-$E$8,IF(AND(J35>=18.5,J35<=26.4),J35-$E$9,IF(AND(J35>=26.4,J35<=36),J35-$E$10,IF(J35>=37,J35-$E$11))))))) -> -0.2 | ... AK35: =(IF(AJ35<=4.4,AJ35-$E$6,IF(AND(AJ35>=4.5,AJ35<=11.4),AJ35-$E$7,IF(AND(AJ35>=11.5,AJ35<=18.4),AJ35-$E$8,IF(AND(AJ35>=18.5,AJ35<=26.4),AJ35-$E$9,IF(AND(AJ35>=26.4,AJ35<=36),AJ35-$E$10,IF(AJ35>=37,AJ35-$E$11))))))) -> -2.8
C36: 0.7 | D36: =(IF(C36<=4.4,C36-$E$6,IF(AND(C36>=4.5,C36<=11.4),C36-$E$7,IF(AND(C36>=11.5,C36<=18.4),C36-$E$8,IF(AND(C36>=18.5,C36<=26.4),C36-$E$9,IF(AND(C36>=26.4,C36<=36),C36-$E$10,IF(C36>=37,C36-$E$11))))))) -> 0.6 | E36: =(IF(D36<=4.4,D36-$E$6,IF(AND(D36>=4.5,D36<=11.4),D36-$E$7,IF(AND(D36>=11.5,D36<=18.4),D36-$E$8,IF(AND(D36>=18.5,D36<=26.4),D36-$E$9,IF(AND(D36>=26.4,D36<=36),D36-$E$10,IF(D36>=37,D36-$E$11))))))) -> 0.5 | F36: =(IF(E36<=4.4,E36-$E$6,IF(AND(E36>=4.5,E36<=11.4),E36-$E$7,IF(AND(E36>=11.5,E36<=18.4),E36-$E$8,IF(AND(E36>=18.5,E36<=26.4),E36-$E$9,IF(AND(E36>=26.4,E36<=36),E36-$E$10,IF(E36>=37,E36-$E$11))))))) -> 0.4 | G36: =(IF(F36<=4.4,F36-$E$6,IF(AND(F36>=4.5,F36<=11.4),F36-$E$7,IF(AND(F36>=11.5,F36<=18.4),F36-$E$8,IF(AND(F36>=18.5,F36<=26.4),F36-$E$9,IF(AND(F36>=26.4,F36<=36),F36-$E$10,IF(F36>=37,F36-$E$11))))))) -> 0.3 | H36: =(IF(G36<=4.4,G36-$E$6,IF(AND(G36>=4.5,G36<=11.4),G36-$E$7,IF(AND(G36>=11.5,G36<=18.4),G36-$E$8,IF(AND(G36>=18.5,G36<=26.4),G36-$E$9,IF(AND(G36>=26.4,G36<=36),G36-$E$10,IF(G36>=37,G36-$E$11))))))) -> 0.2 | I36: =(IF(H36<=4.4,H36-$E$6,IF(AND(H36>=4.5,H36<=11.4),H36-$E$7,IF(AND(H36>=11.5,H36<=18.4),H36-$E$8,IF(AND(H36>=18.5,H36<=26.4),H36-$E$9,IF(AND(H36>=26.4,H36<=36),H36-$E$10,IF(H36>=37,H36-$E$11))))))) -> 0.1 | J36: =(IF(I36<=4.4,I36-$E$6,IF(AND(I36>=4.5,I36<=11.4),I36-$E$7,IF(AND(I36>=11.5,I36<=18.4),I36-$E$8,IF(AND(I36>=18.5,I36<=26.4),I36-$E$9,IF(AND(I36>=26.4,I36<=36),I36-$E$10,IF(I36>=37,I36-$E$11))))))) -> 2.7755576e-17 | K36: =(IF(J36<=4.4,J36-$E$6,IF(AND(J36>=4.5,J36<=11.4),J36-$E$7,IF(AND(J36>=11.5,J36<=18.4),J36-$E$8,IF(AND(J36>=18.5,J36<=26.4),J36-$E$9,IF(AND(J36>=26.4,J36<=36),J36-$E$10,IF(J36>=37,J36-$E$11))))))) -> -0.1 | ... AK36: =(IF(AJ36<=4.4,AJ36-$E$6,IF(AND(AJ36>=4.5,AJ36<=11.4),AJ36-$E$7,IF(AND(AJ36>=11.5,AJ36<=18.4),AJ36-$E$8,IF(AND(AJ36>=18.5,AJ36<=26.4),AJ36-$E$9,IF(AND(AJ36>=26.4,AJ36<=36),AJ36-$E$10,IF(AJ36>=37,AJ36-$E$11))))))) -> -2.7
C37: 0.8 | D37: =(IF(C37<=4.4,C37-$E$6,IF(AND(C37>=4.5,C37<=11.4),C37-$E$7,IF(AND(C37>=11.5,C37<=18.4),C37-$E$8,IF(AND(C37>=18.5,C37<=26.4),C37-$E$9,IF(AND(C37>=26.4,C37<=36),C37-$E$10,IF(C37>=37,C37-$E$11))))))) -> 0.7 | E37: =(IF(D37<=4.4,D37-$E$6,IF(AND(D37>=4.5,D37<=11.4),D37-$E$7,IF(AND(D37>=11.5,D37<=18.4),D37-$E$8,IF(AND(D37>=18.5,D37<=26.4),D37-$E$9,IF(AND(D37>=26.4,D37<=36),D37-$E$10,IF(D37>=37,D37-$E$11))))))) -> 0.6 | F37: =(IF(E37<=4.4,E37-$E$6,IF(AND(E37>=4.5,E37<=11.4),E37-$E$7,IF(AND(E37>=11.5,E37<=18.4),E37-$E$8,IF(AND(E37>=18.5,E37<=26.4),E37-$E$9,IF(AND(E37>=26.4,E37<=36),E37-$E$10,IF(E37>=37,E37-$E$11))))))) -> 0.5 | G37: =(IF(F37<=4.4,F37-$E$6,IF(AND(F37>=4.5,F37<=11.4),F37-$E$7,IF(AND(F37>=11.5,F37<=18.4),F37-$E$8,IF(AND(F37>=18.5,F37<=26.4),F37-$E$9,IF(AND(F37>=26.4,F37<=36),F37-$E$10,IF(F37>=37,F37-$E$11))))))) -> 0.4 | H37: =(IF(G37<=4.4,G37-$E$6,IF(AND(G37>=4.5,G37<=11.4),G37-$E$7,IF(AND(G37>=11.5,G37<=18.4),G37-$E$8,IF(AND(G37>=18.5,G37<=26.4),G37-$E$9,IF(AND(G37>=26.4,G37<=36),G37-$E$10,IF(G37>=37,G37-$E$11))))))) -> 0.3 | I37: =(IF(H37<=4.4,H37-$E$6,IF(AND(H37>=4.5,H37<=11.4),H37-$E$7,IF(AND(H37>=11.5,H37<=18.4),H37-$E$8,IF(AND(H37>=18.5,H37<=26.4),H37-$E$9,IF(AND(H37>=26.4,H37<=36),H37-$E$10,IF(H37>=37,H37-$E$11))))))) -> 0.2 | J37: =(IF(I37<=4.4,I37-$E$6,IF(AND(I37>=4.5,I37<=11.4),I37-$E$7,IF(AND(I37>=11.5,I37<=18.4),I37-$E$8,IF(AND(I37>=18.5,I37<=26.4),I37-$E$9,IF(AND(I37>=26.4,I37<=36),I37-$E$10,IF(I37>=37,I37-$E$11))))))) -> 0.1 | K37: =(IF(J37<=4.4,J37-$E$6,IF(AND(J37>=4.5,J37<=11.4),J37-$E$7,IF(AND(J37>=11.5,J37<=18.4),J37-$E$8,IF(AND(J37>=18.5,J37<=26.4),J37-$E$9,IF(AND(J37>=26.4,J37<=36),J37-$E$10,IF(J37>=37,J37-$E$11))))))) -> 1.3877788e-16 | ... AK37: =(IF(AJ37<=4.4,AJ37-$E$6,IF(AND(AJ37>=4.5,AJ37<=11.4),AJ37-$E$7,IF(AND(AJ37>=11.5,AJ37<=18.4),AJ37-$E$8,IF(AND(AJ37>=18.5,AJ37<=26.4),AJ37-$E$9,IF(AND(AJ37>=26.4,AJ37<=36),AJ37-$E$10,IF(AJ37>=37,AJ37-$E$11))))))) -> -2.6
C38: 0.9 | D38: =(IF(C38<=4.4,C38-$E$6,IF(AND(C38>=4.5,C38<=11.4),C38-$E$7,IF(AND(C38>=11.5,C38<=18.4),C38-$E$8,IF(AND(C38>=18.5,C38<=26.4),C38-$E$9,IF(AND(C38>=26.4,C38<=36),C38-$E$10,IF(C38>=37,C38-$E$11))))))) -> 0.8 | E38: =(IF(D38<=4.4,D38-$E$6,IF(AND(D38>=4.5,D38<=11.4),D38-$E$7,IF(AND(D38>=11.5,D38<=18.4),D38-$E$8,IF(AND(D38>=18.5,D38<=26.4),D38-$E$9,IF(AND(D38>=26.4,D38<=36),D38-$E$10,IF(D38>=37,D38-$E$11))))))) -> 0.7 | F38: =(IF(E38<=4.4,E38-$E$6,IF(AND(E38>=4.5,E38<=11.4),E38-$E$7,IF(AND(E38>=11.5,E38<=18.4),E38-$E$8,IF(AND(E38>=18.5,E38<=26.4),E38-$E$9,IF(AND(E38>=26.4,E38<=36),E38-$E$10,IF(E38>=37,E38-$E$11))))))) -> 0.6 | G38: =(IF(F38<=4.4,F38-$E$6,IF(AND(F38>=4.5,F38<=11.4),F38-$E$7,IF(AND(F38>=11.5,F38<=18.4),F38-$E$8,IF(AND(F38>=18.5,F38<=26.4),F38-$E$9,IF(AND(F38>=26.4,F38<=36),F38-$E$10,IF(F38>=37,F38-$E$11))))))) -> 0.5 | H38: =(IF(G38<=4.4,G38-$E$6,IF(AND(G38>=4.5,G38<=11.4),G38-$E$7,IF(AND(G38>=11.5,G38<=18.4),G38-$E$8,IF(AND(G38>=18.5,G38<=26.4),G38-$E$9,IF(AND(G38>=26.4,G38<=36),G38-$E$10,IF(G38>=37,G38-$E$11))))))) -> 0.4 | I38: =(IF(H38<=4.4,H38-$E$6,IF(AND(H38>=4.5,H38<=11.4),H38-$E$7,IF(AND(H38>=11.5,H38<=18.4),H38-$E$8,IF(AND(H38>=18.5,H38<=26.4),H38-$E$9,IF(AND(H38>=26.4,H38<=36),H38-$E$10,IF(H38>=37,H38-$E$11))))))) -> 0.3 | J38: =(IF(I38<=4.4,I38-$E$6,IF(AND(I38>=4.5,I38<=11.4),I38-$E$7,IF(AND(I38>=11.5,I38<=18.4),I38-$E$8,IF(AND(I38>=18.5,I38<=26.4),I38-$E$9,IF(AND(I38>=26.4,I38<=36),I38-$E$10,IF(I38>=37,I38-$E$11))))))) -> 0.2 | K38: =(IF(J38<=4.4,J38-$E$6,IF(AND(J38>=4.5,J38<=11.4),J38-$E$7,IF(AND(J38>=11.5,J38<=18.4),J38-$E$8,IF(AND(J38>=18.5,J38<=26.4),J38-$E$9,IF(AND(J38>=26.4,J38<=36),J38-$E$10,IF(J38>=37,J38-$E$11))))))) -> 0.1 | ... AK38: =(IF(AJ38<=4.4,AJ38-$E$6,IF(AND(AJ38>=4.5,AJ38<=11.4),AJ38-$E$7,IF(AND(AJ38>=11.5,AJ38<=18.4),AJ38-$E$8,IF(AND(AJ38>=18.5,AJ38<=26.4),AJ38-$E$9,IF(AND(AJ38>=26.4,AJ38<=36),AJ38-$E$10,IF(AJ38>=37,AJ38-$E$11))))))) -> -2.5
C39: 1 | D39: =(IF(C39<=4.4,C39-$E$6,IF(AND(C39>=4.5,C39<=11.4),C39-$E$7,IF(AND(C39>=11.5,C39<=18.4),C39-$E$8,IF(AND(C39>=18.5,C39<=26.4),C39-$E$9,IF(AND(C39>=26.4,C39<=36),C39-$E$10,IF(C39>=37,C39-$E$11))))))) -> 0.9 | E39: =(IF(D39<=4.4,D39-$E$6,IF(AND(D39>=4.5,D39<=11.4),D39-$E$7,IF(AND(D39>=11.5,D39<=18.4),D39-$E$8,IF(AND(D39>=18.5,D39<=26.4),D39-$E$9,IF(AND(D39>=26.4,D39<=36),D39-$E$10,IF(D39>=37,D39-$E$11))))))) -> 0.8 | F39: =(IF(E39<=4.4,E39-$E$6,IF(AND(E39>=4.5,E39<=11.4),E39-$E$7,IF(AND(E39>=11.5,E39<=18.4),E39-$E$8,IF(AND(E39>=18.5,E39<=26.4),E39-$E$9,IF(AND(E39>=26.4,E39<=36),E39-$E$10,IF(E39>=37,E39-$E$11))))))) -> 0.7 | G39: =(IF(F39<=4.4,F39-$E$6,IF(AND(F39>=4.5,F39<=11.4),F39-$E$7,IF(AND(F39>=11.5,F39<=18.4),F39-$E$8,IF(AND(F39>=18.5,F39<=26.4),F39-$E$9,IF(AND(F39>=26.4,F39<=36),F39-$E$10,IF(F39>=37,F39-$E$11))))))) -> 0.6 | H39: =(IF(G39<=4.4,G39-$E$6,IF(AND(G39>=4.5,G39<=11.4),G39-$E$7,IF(AND(G39>=11.5,G39<=18.4),G39-$E$8,IF(AND(G39>=18.5,G39<=26.4),G39-$E$9,IF(AND(G39>=26.4,G39<=36),G39-$E$10,IF(G39>=37,G39-$E$11))))))) -> 0.5 | I39: =(IF(H39<=4.4,H39-$E$6,IF(AND(H39>=4.5,H39<=11.4),H39-$E$7,IF(AND(H39>=11.5,H39<=18.4),H39-$E$8,IF(AND(H39>=18.5,H39<=26.4),H39-$E$9,IF(AND(H39>=26.4,H39<=36),H39-$E$10,IF(H39>=37,H39-$E$11))))))) -> 0.4 | J39: =(IF(I39<=4.4,I39-$E$6,IF(AND(I39>=4.5,I39<=11.4),I39-$E$7,IF(AND(I39>=11.5,I39<=18.4),I39-$E$8,IF(AND(I39>=18.5,I39<=26.4),I39-$E$9,IF(AND(I39>=26.4,I39<=36),I39-$E$10,IF(I39>=37,I39-$E$11))))))) -> 0.3 | K39: =(IF(J39<=4.4,J39-$E$6,IF(AND(J39>=4.5,J39<=11.4),J39-$E$7,IF(AND(J39>=11.5,J39<=18.4),J39-$E$8,IF(AND(J39>=18.5,J39<=26.4),J39-$E$9,IF(AND(J39>=26.4,J39<=36),J39-$E$10,IF(J39>=37,J39-$E$11))))))) -> 0.2 | ... AK39: =(IF(AJ39<=4.4,AJ39-$E$6,IF(AND(AJ39>=4.5,AJ39<=11.4),AJ39-$E$7,IF(AND(AJ39>=11.5,AJ39<=18.4),AJ39-$E$8,IF(AND(AJ39>=18.5,AJ39<=26.4),AJ39-$E$9,IF(AND(AJ39>=26.4,AJ39<=36),AJ39-$E$10,IF(AJ39>=37,AJ39-$E$11))))))) -> -2.4
C40: 1.1 | D40: =(IF(C40<=4.4,C40-$E$6,IF(AND(C40>=4.5,C40<=11.4),C40-$E$7,IF(AND(C40>=11.5,C40<=18.4),C40-$E$8,IF(AND(C40>=18.5,C40<=26.4),C40-$E$9,IF(AND(C40>=26.4,C40<=36),C40-$E$10,IF(C40>=37,C40-$E$11))))))) -> 1 | E40: =(IF(D40<=4.4,D40-$E$6,IF(AND(D40>=4.5,D40<=11.4),D40-$E$7,IF(AND(D40>=11.5,D40<=18.4),D40-$E$8,IF(AND(D40>=18.5,D40<=26.4),D40-$E$9,IF(AND(D40>=26.4,D40<=36),D40-$E$10,IF(D40>=37,D40-$E$11))))))) -> 0.9 | F40: =(IF(E40<=4.4,E40-$E$6,IF(AND(E40>=4.5,E40<=11.4),E40-$E$7,IF(AND(E40>=11.5,E40<=18.4),E40-$E$8,IF(AND(E40>=18.5,E40<=26.4),E40-$E$9,IF(AND(E40>=26.4,E40<=36),E40-$E$10,IF(E40>=37,E40-$E$11))))))) -> 0.8 | G40: =(IF(F40<=4.4,F40-$E$6,IF(AND(F40>=4.5,F40<=11.4),F40-$E$7,IF(AND(F40>=11.5,F40<=18.4),F40-$E$8,IF(AND(F40>=18.5,F40<=26.4),F40-$E$9,IF(AND(F40>=26.4,F40<=36),F40-$E$10,IF(F40>=37,F40-$E$11))))))) -> 0.7 | H40: =(IF(G40<=4.4,G40-$E$6,IF(AND(G40>=4.5,G40<=11.4),G40-$E$7,IF(AND(G40>=11.5,G40<=18.4),G40-$E$8,IF(AND(G40>=18.5,G40<=26.4),G40-$E$9,IF(AND(G40>=26.4,G40<=36),G40-$E$10,IF(G40>=37,G40-$E$11))))))) -> 0.6 | I40: =(IF(H40<=4.4,H40-$E$6,IF(AND(H40>=4.5,H40<=11.4),H40-$E$7,IF(AND(H40>=11.5,H40<=18.4),H40-$E$8,IF(AND(H40>=18.5,H40<=26.4),H40-$E$9,IF(AND(H40>=26.4,H40<=36),H40-$E$10,IF(H40>=37,H40-$E$11))))))) -> 0.5 | J40: =(IF(I40<=4.4,I40-$E$6,IF(AND(I40>=4.5,I40<=11.4),I40-$E$7,IF(AND(I40>=11.5,I40<=18.4),I40-$E$8,IF(AND(I40>=18.5,I40<=26.4),I40-$E$9,IF(AND(I40>=26.4,I40<=36),I40-$E$10,IF(I40>=37,I40-$E$11))))))) -> 0.4 | K40: =(IF(J40<=4.4,J40-$E$6,IF(AND(J40>=4.5,J40<=11.4),J40-$E$7,IF(AND(J40>=11.5,J40<=18.4),J40-$E$8,IF(AND(J40>=18.5,J40<=26.4),J40-$E$9,IF(AND(J40>=26.4,J40<=36),J40-$E$10,IF(J40>=37,J40-$E$11))))))) -> 0.3 | ... AK40: =(IF(AJ40<=4.4,AJ40-$E$6,IF(AND(AJ40>=4.5,AJ40<=11.4),AJ40-$E$7,IF(AND(AJ40>=11.5,AJ40<=18.4),AJ40-$E$8,IF(AND(AJ40>=18.5,AJ40<=26.4),AJ40-$E$9,IF(AND(AJ40>=26.4,AJ40<=36),AJ40-$E$10,IF(AJ40>=37,AJ40-$E$11))))))) -> -2.3
... C389: 36 | D389: =(IF(C389<=4.4,C389-$E$6,IF(AND(C389>=4.5,C389<=11.4),C389-$E$7,IF(AND(C389>=11.5,C389<=18.4),C389-$E$8,IF(AND(C389>=18.5,C389<=26.4),C389-$E$9,IF(AND(C389>=26.4,C389<=36),C389-$E$10,IF(C389>=37,C389-$E$11))))))) -> 35.5 | E389: =(IF(D389<=4.4,D389-$E$6,IF(AND(D389>=4.5,D389<=11.4),D389-$E$7,IF(AND(D389>=11.5,D389<=18.4),D389-$E$8,IF(AND(D389>=18.5,D389<=26.4),D389-$E$9,IF(AND(D389>=26.4,D389<=36),D389-$E$10,IF(D389>=37,D389-$E$11))))))) -> 35 | F389: =(IF(E389<=4.4,E389-$E$6,IF(AND(E389>=4.5,E389<=11.4),E389-$E$7,IF(AND(E389>=11.5,E389<=18.4),E389-$E$8,IF(AND(E389>=18.5,E389<=26.4),E389-$E$9,IF(AND(E389>=26.4,E389<=36),E389-$E$10,IF(E389>=37,E389-$E$11))))))) -> 34.5 | G389: =(IF(F389<=4.4,F389-$E$6,IF(AND(F389>=4.5,F389<=11.4),F389-$E$7,IF(AND(F389>=11.5,F389<=18.4),F389-$E$8,IF(AND(F389>=18.5,F389<=26.4),F389-$E$9,IF(AND(F389>=26.4,F389<=36),F389-$E$10,IF(F389>=37,F389-$E$11))))))) -> 34 | H389: =(IF(G389<=4.4,G389-$E$6,IF(AND(G389>=4.5,G389<=11.4),G389-$E$7,IF(AND(G389>=11.5,G389<=18.4),G389-$E$8,IF(AND(G389>=18.5,G389<=26.4),G389-$E$9,IF(AND(G389>=26.4,G389<=36),G389-$E$10,IF(G389>=37,G389-$E$11))))))) -> 33.5 | I389: =(IF(H389<=4.4,H389-$E$6,IF(AND(H389>=4.5,H389<=11.4),H389-$E$7,IF(AND(H389>=11.5,H389<=18.4),H389-$E$8,IF(AND(H389>=18.5,H389<=26.4),H389-$E$9,IF(AND(H389>=26.4,H389<=36),H389-$E$10,IF(H389>=37,H389-$E$11))))))) -> 33 | J389: =(IF(I389<=4.4,I389-$E$6,IF(AND(I389>=4.5,I389<=11.4),I389-$E$7,IF(AND(I389>=11.5,I389<=18.4),I389-$E$8,IF(AND(I389>=18.5,I389<=26.4),I389-$E$9,IF(AND(I389>=26.4,I389<=36),I389-$E$10,IF(I389>=37,I389-$E$11))))))) -> 32.5 | K389: =(IF(J389<=4.4,J389-$E$6,IF(AND(J389>=4.5,J389<=11.4),J389-$E$7,IF(AND(J389>=11.5,J389<=18.4),J389-$E$8,IF(AND(J389>=18.5,J389<=26.4),J389-$E$9,IF(AND(J389>=26.4,J389<=36),J389-$E$10,IF(J389>=37,J389-$E$11))))))) -> 32 | ... AK389: =(IF(AJ389<=4.4,AJ389-$E$6,IF(AND(AJ389>=4.5,AJ389<=11.4),AJ389-$E$7,IF(AND(AJ389>=11.5,AJ389<=18.4),AJ389-$E$8,IF(AND(AJ389>=18.5,AJ389<=26.4),AJ389-$E$9,IF(AND(AJ389>=26.4,AJ389<=36),AJ389-$E$10,IF(AJ389>=37,AJ389-$E$11))))))) -> 20.4
C394: HCP | D394: Neues HCP
C395: 0 | D395: =(IF(C395<=4.4,C395+$D$6,IF(AND(C395>=4.5,C395<=11.4),C395+$D$7,IF(AND(C395>=11.5,C395<=18.4),C395+$D$8,IF(AND(C395>=18.5,C395<=26.4),C395+$D$9,IF(AND(C395>=26.4,C395<=36),C395+$D$10,IF(C395>=37,C395+$D$11))))))) -> 0.1
C396: 0.1 | D396: =(IF(C396<=4.4,C396+$D$6,IF(AND(C396>=4.5,C396<=11.4),C396+$D$7,IF(AND(C396>=11.5,C396<=18.4),C396+$D$8,IF(AND(C396>=18.5,C396<=26.4),C396+$D$9,IF(AND(C396>=26.4,C396<=36),C396+$D$10,IF(C396>=37,C396+$D$11))))))) -> 0.2
C397: 0.2 | D397: =(IF(C397<=4.4,C397+$D$6,IF(AND(C397>=4.5,C397<=11.4),C397+$D$7,IF(AND(C397>=11.5,C397<=18.4),C397+$D$8,IF(AND(C397>=18.5,C397<=26.4),C397+$D$9,IF(AND(C397>=26.4,C397<=36),C397+$D$10,IF(C397>=37,C397+$D$11))))))) -> 0.3
C398: 0.3 | D398: =(IF(C398<=4.4,C398+$D$6,IF(AND(C398>=4.5,C398<=11.4),C398+$D$7,IF(AND(C398>=11.5,C398<=18.4),C398+$D$8,IF(AND(C398>=18.5,C398<=26.4),C398+$D$9,IF(AND(C398>=26.4,C398<=36),C398+$D$10,IF(C398>=37,C398+$D$11))))))) -> 0.4
C399: 0.4 | D399: =(IF(C399<=4.4,C399+$D$6,IF(AND(C399>=4.5,C399<=11.4),C399+$D$7,IF(AND(C399>=11.5,C399<=18.4),C399+$D$8,IF(AND(C399>=18.5,C399<=26.4),C399+$D$9,IF(AND(C399>=26.4,C399<=36),C399+$D$10,IF(C399>=37,C399+$D$11))))))) -> 0.5
C400: 0.5 | D400: =(IF(C400<=4.4,C400+$D$6,IF(AND(C400>=4.5,C400<=11.4),C400+$D$7,IF(AND(C400>=11.5,C400<=18.4),C400+$D$8,IF(AND(C400>=18.5,C400<=26.4),C400+$D$9,IF(AND(C400>=26.4,C400<=36),C400+$D$10,IF(C400>=37,C400+$D$11))))))) -> 0.6
C401: 0.6 | D401: =(IF(C401<=4.4,C401+$D$6,IF(AND(C401>=4.5,C401<=11.4),C401+$D$7,IF(AND(C401>=11.5,C401<=18.4),C401+$D$8,IF(AND(C401>=18.5,C401<=26.4),C401+$D$9,IF(AND(C401>=26.4,C401<=36),C401+$D$10,IF(C401>=37,C401+$D$11))))))) -> 0.7
C402: 0.7 | D402: =(IF(C402<=4.4,C402+$D$6,IF(AND(C402>=4.5,C402<=11.4),C402+$D$7,IF(AND(C402>=11.5,C402<=18.4),C402+$D$8,IF(AND(C402>=18.5,C402<=26.4),C402+$D$9,IF(AND(C402>=26.4,C402<=36),C402+$D$10,IF(C402>=37,C402+$D$11))))))) -> 0.8
C403: 0.8 | D403: =(IF(C403<=4.4,C403+$D$6,IF(AND(C403>=4.5,C403<=11.4),C403+$D$7,IF(AND(C403>=11.5,C403<=18.4),C403+$D$8,IF(AND(C403>=18.5,C403<=26.4),C403+$D$9,IF(AND(C403>=26.4,C403<=36),C403+$D$10,IF(C403>=37,C403+$D$11))))))) -> 0.9
C404: 0.9 | D404: =(IF(C404<=4.4,C404+$D$6,IF(AND(C404>=4.5,C404<=11.4),C404+$D$7,IF(AND(C404>=11.5,C404<=18.4),C404+$D$8,IF(AND(C404>=18.5,C404<=26.4),C404+$D$9,IF(AND(C404>=26.4,C404<=36),C404+$D$10,IF(C404>=37,C404+$D$11))))))) -> 1
C405: 1 | D405: =(IF(C405<=4.4,C405+$D$6,IF(AND(C405>=4.5,C405<=11.4),C405+$D$7,IF(AND(C405>=11.5,C405<=18.4),C405+$D$8,IF(AND(C405>=18.5,C405<=26.4),C405+$D$9,IF(AND(C405>=26.4,C405<=36),C405+$D$10,IF(C405>=37,C405+$D$11))))))) -> 1.1
C406: 1.1 | D406: =(IF(C406<=4.4,C406+$D$6,IF(AND(C406>=4.5,C406<=11.4),C406+$D$7,IF(AND(C406>=11.5,C406<=18.4),C406+$D$8,IF(AND(C406>=18.5,C406<=26.4),C406+$D$9,IF(AND(C406>=26.4,C406<=36),C406+$D$10,IF(C406>=37,C406+$D$11))))))) -> 1.2
... C754: 35.9 | D754: =(IF(C754<=4.4,C754+$D$6,IF(AND(C754>=4.5,C754<=11.4),C754+$D$7,IF(AND(C754>=11.5,C754<=18.4),C754+$D$8,IF(AND(C754>=18.5,C754<=26.4),C754+$D$9,IF(AND(C754>=26.4,C754<=36),C754+$D$10,IF(C754>=37,C754+$D$11))))))) -> 36.1
C755: 36 | D755: 36
